time_ns,signal
0.25,0
0.75,-1.32645e-06
1.25,-5.12636e-06
1.75,-1.09665e-05
2.25,-1.84885e-05
2.75,-2.74669e-05
3.25,-3.76977e-05
3.75,-4.89962e-05
4.25,-6.11955e-05
4.75,-7.40218e-05
5.25,-8.73177e-05
5.75,-0.000100979
6.25,-0.000114843
6.75,-0.00012873
7.25,-0.000142586
7.75,-0.000156364
8.25,-0.000169984
8.75,-0.000183297
9.25,-0.000196286
9.75,-0.00020894
10.25,-0.000221253
10.75,-0.000233191
11.25,-0.000244683
11.75,-0.000255739
12.25,-0.000266364
12.75,-0.000276527
13.25,-0.000286225
13.75,-0.00029541
14.25,-0.000304109
14.75,-0.000312346
15.25,-0.000320138
15.75,-0.000327477
16.25,-0.000334336
16.75,-0.000340721
17.25,-0.000346666
17.75,-0.000352199
18.25,-0.00035735
18.75,-0.000362144
19.25,-0.000366526
19.75,-0.000370504
20.25,-0.00037411
20.75,-0.000377376
21.25,-0.000380328
21.75,-0.000382994
22.25,-0.000385343
22.75,-0.000387387
23.25,-0.000389134
23.75,-0.000390612
24.25,-0.000391847
24.75,-0.000392864
25.25,-0.000393654
25.75,-0.000394218
26.25,-0.000394582
26.75,-0.000394761
27.25,-0.000394754
27.75,-0.000394582
28.25,-0.000394266
28.75,-0.000393778
29.25,-0.00039314
29.75,-0.000392371
30.25,-0.000391489
30.75,-0.000390508
31.25,-0.000389422
31.75,-0.000388243
32.25,-0.000386948
32.75,-0.000385556
33.25,-0.000384083
33.75,-0.000382544
34.25,-0.000380953
34.75,-0.000379321
35.25,-0.000377648
35.75,-0.000375902
36.25,-0.000374093
36.75,-0.000372235
37.25,-0.000370341
37.75,-0.000368423
38.25,-0.000366489
38.75,-0.000364548
39.25,-0.000362596
39.75,-0.000360607
40.25,-0.000358588
40.75,-0.000356549
41.25,-0.000354499
41.75,-0.000352449
42.25,-0.000350405
42.75,-0.000348373
43.25,-0.000346344
43.75,-0.000344311
44.25,-0.000342275
44.75,-0.000340233
45.25,-0.000338194
45.75,-0.000336165
46.25,-0.000334153
46.75,-0.000332163
47.25,-0.000330186
47.75,-0.000328215
48.25,-0.000326256
48.75,-0.000324315
49.25,-0.000322383
49.75,-0.000320463
50.25,-0.000318563
50.75,-0.000316686
51.25,-0.000314836
51.75,-0.000312993
52.25,-0.000311164
52.75,-0.000309354
53.25,-0.000307566
53.75,-0.000305804
54.25,-0.000304059
54.75,-0.000302334
55.25,-0.000300634
55.75,-0.000298955
56.25,-0.000297286
56.75,-0.000295633
57.25,-0.000293999
57.75,-0.000292389
58.25,-0.000290804
58.75,-0.000289249
59.25,-0.000287713
59.75,-0.0002862
60.25,-0.000284706
60.75,-0.000283222
61.25,-0.00028175
61.75,-0.000280296
62.25,-0.000278862
62.75,-0.000277452
63.25,-0.000276067
63.75,-0.00027471
64.25,-0.000273377
64.75,-0.000272064
65.25,-0.00027076
65.75,-0.000269464
66.25,-0.000268181
66.75,-0.000266914
67.25,-0.000265665
67.75,-0.000264438
68.25,-0.000263233
68.75,-0.000262054
69.25,-0.000260901
69.75,-0.000259767
70.25,-0.000258636
70.75,-0.000257512
71.25,-0.000256399
71.75,-0.000255299
72.25,-0.000254214
72.75,-0.000253147
73.25,-0.0002521
73.75,-0.000251074
74.25,-0.00025007
74.75,-0.000249089
75.25,-0.000248115
75.75,-0.000247144
76.25,-0.000246179
76.75,-0.000245225
77.25,-0.000244282
77.75,-0.000243353
78.25,-0.00024244
78.75,-0.000241545
79.25,-0.000240668
79.75,-0.00023981
80.25,-0.000238965
80.75,-0.000238128
81.25,-0.000237295
81.75,-0.000236467
82.25,-0.000235648
82.75,-0.000234838
83.25,-0.00023404
83.75,-0.000233255
84.25,-0.000232484
84.75,-0.00023173
85.25,-0.000230992
85.75,-0.000230261
86.25,-0.000229537
86.75,-0.000228822
87.25,-0.00022811
87.75,-0.000227404
88.25,-0.000226705
88.75,-0.000226015
89.25,-0.000225336
89.75,-0.000224669
90.25,-0.000224014
90.75,-0.000223374
91.25,-0.000222739
91.75,-0.00022211
92.25,-0.000221488
92.75,-0.000220874
93.25,-0.000220264
93.75,-0.000219658
94.25,-0.00021906
94.75,-0.000218469
95.25,-0.000217887
95.75,-0.000217315
96.25,-0.000216754
96.75,-0.000216202
97.25,-0.000215653
97.75,-0.000215109
98.25,-0.00021457
98.75,-0.000214039
99.25,-0.000213514
99.75,-0.000212993
100.25,-0.000212476
100.75,-0.000211966
101.25,-0.000211464
101.75,-0.000210969
102.25,-0.000210484
102.75,-0.000210005
103.25,-0.000209527
103.75,-0.000209053
104.25,-0.000208584
104.75,-0.00020812
105.25,-0.000207663
105.75,-0.000207212
106.25,-0.000206765
106.75,-0.000206321
107.25,-0.000205884
107.75,-0.000205453
108.25,-0.000205029
108.75,-0.000204612
109.25,-0.000204195
109.75,-0.00020378
110.25,-0.000203368
110.75,-0.00020296
111.25,-0.000202558
111.75,-0.000202162
112.25,-0.000201772
112.75,-0.000201385
113.25,-0.000201002
113.75,-0.000200623
114.25,-0.00020025
114.75,-0.000199883
115.25,-0.000199518
115.75,-0.000199154
116.25,-0.000198791
116.75,-0.00019843
117.25,-0.000198073
117.75,-0.000197721
118.25,-0.000197374
118.75,-0.000197033
119.25,-0.000196698
119.75,-0.000196365
120.25,-0.000196036
120.75,-0.000195711
121.25,-0.000195391
121.75,-0.000195072
122.25,-0.000194752
122.75,-0.000194433
123.25,-0.000194116
123.75,-0.000193802
124.25,-0.000193491
124.75,-0.000193185
125.25,-0.000192883
125.75,-0.000192587
126.25,-0.000192295
126.75,-0.000192006
127.25,-0.00019172
127.75,-0.000191438
128.25,-0.000191159
128.75,-0.000190878
129.25,-0.000190596
129.75,-0.000190316
130.25,-0.000190037
130.75,-0.000189761
131.25,-0.000189488
131.75,-0.000189219
132.25,-0.000188954
132.75,-0.000188694
133.25,-0.000188439
133.75,-0.000188187
134.25,-0.000187937
134.75,-0.00018769
135.25,-0.000187444
135.75,-0.000187197
136.25,-0.000186949
136.75,-0.000186701
137.25,-0.000186455
137.75,-0.00018621
138.25,-0.000185969
138.75,-0.00018573
139.25,-0.000185495
139.75,-0.000185264
140.25,-0.000185038
140.75,-0.000184816
141.25,-0.000184596
141.75,-0.000184378
142.25,-0.000184163
142.75,-0.000183944
143.25,-0.000183725
143.75,-0.000183506
144.25,-0.000183286
144.75,-0.000183069
145.25,-0.000182853
145.75,-0.00018264
146.25,-0.000182429
146.75,-0.000182222
147.25,-0.000182019
147.75,-0.00018182
148.25,-0.000181626
148.75,-0.000181432
149.25,-0.000181241
149.75,-0.00018105
150.25,-0.000180856
150.75,-0.000180662
151.25,-0.000180467
151.75,-0.000180272
152.25,-0.000180078
152.75,-0.000179886
153.25,-0.000179697
153.75,-0.00017951
154.25,-0.000179325
154.75,-0.000179145
155.25,-0.000178967
155.75,-0.000178794
156.25,-0.000178623
156.75,-0.000178454
157.25,-0.000178285
157.75,-0.000178113
158.25,-0.00017794
158.75,-0.000177766
159.25,-0.000177593
159.75,-0.00017742
160.25,-0.000177248
160.75,-0.000177077
161.25,-0.000176909
161.75,-0.000176743
162.25,-0.00017658
162.75,-0.00017642
163.25,-0.000176264
163.75,-0.000176111
164.25,-0.00017596
164.75,-0.00017581
165.25,-0.000175659
165.75,-0.000175506
166.25,-0.000175351
166.75,-0.000175196
167.25,-0.00017504
167.75,-0.000174885
168.25,-0.000174731
168.75,-0.000174579
169.25,-0.000174428
169.75,-0.00017428
170.25,-0.000174134
170.75,-0.000173991
171.25,-0.000173851
171.75,-0.000173714
172.25,-0.00017358
172.75,-0.000173446
173.25,-0.000173312
173.75,-0.000173175
174.25,-0.000173037
174.75,-0.000172897
175.25,-0.000172758
175.75,-0.000172618
176.25,-0.000172479
176.75,-0.000172342
177.25,-0.000172206
177.75,-0.000172071
178.25,-0.000171939
178.75,-0.000171809
179.25,-0.000171682
179.75,-0.000171558
180.25,-0.000171436
180.75,-0.000171316
181.25,-0.000171198
181.75,-0.000171076
182.25,-0.000170953
182.75,-0.000170828
183.25,-0.000170702
183.75,-0.000170576
184.25,-0.00017045
184.75,-0.000170325
185.25,-0.0001702
185.75,-0.000170078
186.25,-0.000169956
186.75,-0.000169837
187.25,-0.00016972
187.75,-0.000169605
188.25,-0.000169493
188.75,-0.000169383
189.25,-0.000169276
189.75,-0.000169169
190.25,-0.000169061
190.75,-0.000168949
191.25,-0.000168837
191.75,-0.000168723
192.25,-0.000168609
192.75,-0.000168495
193.25,-0.000168381
193.75,-0.000168268
194.25,-0.000168156
194.75,-0.000168045
195.25,-0.000167936
195.75,-0.000167829
196.25,-0.000167724
196.75,-0.000167621
197.25,-0.000167521
197.75,-0.000167423
198.25,-0.000167326
198.75,-0.00016723
199.25,-0.000167131
199.75,-0.00016703
200.25,-0.000166927
200.75,-0.000166824
201.25,-0.00016672
201.75,-0.000166616
202.25,-0.000166512
202.75,-0.000166409
203.25,-0.000166308
203.75,-0.000166207
204.25,-0.000166108
204.75,-0.00016601
205.25,-0.000165915
205.75,-0.000165821
206.25,-0.000165729
206.75,-0.00016564
207.25,-0.000165552
207.75,-0.000165465
208.25,-0.000165376
208.75,-0.000165285
209.25,-0.000165192
209.75,-0.000165098
210.25,-0.000165003
210.75,-0.000164908
211.25,-0.000164813
211.75,-0.000164718
212.25,-0.000164625
212.75,-0.000164532
213.25,-0.00016444
213.75,-0.00016435
214.25,-0.000164262
214.75,-0.000164175
215.25,-0.00016409
215.75,-0.000164007
216.25,-0.000163926
216.75,-0.000163847
217.25,-0.000163767
217.75,-0.000163686
218.25,-0.000163603
218.75,-0.000163517
219.25,-0.000163431
219.75,-0.000163344
220.25,-0.000163257
220.75,-0.000163169
221.25,-0.000163083
221.75,-0.000162996
222.25,-0.000162911
222.75,-0.000162827
223.25,-0.000162744
223.75,-0.000162662
224.25,-0.000162582
224.75,-0.000162504
225.25,-0.000162427
225.75,-0.000162353
226.25,-0.000162279
226.75,-0.000162206
227.25,-0.000162133
227.75,-0.000162058
228.25,-0.000161981
228.75,-0.000161902
229.25,-0.000161822
229.75,-0.000161742
230.25,-0.000161661
230.75,-0.00016158
231.25,-0.0001615
231.75,-0.000161421
232.25,-0.000161342
232.75,-0.000161265
233.25,-0.000161188
233.75,-0.000161113
234.25,-0.00016104
234.75,-0.000160968
235.25,-0.000160897
235.75,-0.000160828
236.25,-0.000160761
236.75,-0.000160694
237.25,-0.000160627
237.75,-0.000160558
238.25,-0.000160487
238.75,-0.000160414
239.25,-0.000160341
239.75,-0.000160266
240.25,-0.000160192
240.75,-0.000160117
241.25,-0.000160042
241.75,-0.000159968
242.25,-0.000159895
242.75,-0.000159823
243.25,-0.000159751
243.75,-0.000159681
244.25,-0.000159612
244.75,-0.000159544
245.25,-0.000159478
245.75,-0.000159414
246.25,-0.000159351
246.75,-0.000159288
247.25,-0.000159225
247.75,-0.000159164
248.25,-0.0001591
248.75,-0.000159034
249.25,-0.000158967
249.75,-0.000158898
250.25,-0.000158829
250.75,-0.00015876
251.25,-0.00015869
251.75,-0.000158621
252.25,-0.000158551
252.75,-0.000158483
253.25,-0.000158415
253.75,-0.000158348
254.25,-0.000158283
254.75,-0.000158218
255.25,-0.000158155
255.75,-0.000158093
256.25,-0.000158033
256.75,-0.000157974
257.25,-0.000157915
257.75,-0.000157856
258.25,-0.000157798
258.75,-0.00015774
259.25,-0.000157681
259.75,-0.000157619
260.25,-0.000157556
260.75,-0.000157492
261.25,-0.000157427
261.75,-0.000157362
262.25,-0.000157297
262.75,-0.000157232
263.25,-0.000157167
263.75,-0.000157103
264.25,-0.00015704
264.75,-0.000156977
265.25,-0.000156916
265.75,-0.000156855
266.25,-0.000156796
266.75,-0.000156738
267.25,-0.000156682
267.75,-0.000156626
268.25,-0.00015657
268.75,-0.000156515
269.25,-0.00015646
269.75,-0.000156406
270.25,-0.000156352
270.75,-0.000156295
271.25,-0.000156237
271.75,-0.000156178
272.25,-0.000156118
272.75,-0.000156057
273.25,-0.000155996
273.75,-0.000155934
274.25,-0.000155873
274.75,-0.000155813
275.25,-0.000155752
275.75,-0.000155693
276.25,-0.000155634
276.75,-0.000155577
277.25,-0.00015552
277.75,-0.000155465
278.25,-0.000155411
278.75,-0.000155358
279.25,-0.000155304
279.75,-0.000155251
280.25,-0.000155199
280.75,-0.000155146
281.25,-0.000155095
281.75,-0.000155044
282.25,-0.000154993
282.75,-0.000154939
283.25,-0.000154884
283.75,-0.000154828
284.25,-0.000154771
284.75,-0.000154714
285.25,-0.000154656
285.75,-0.000154599
286.25,-0.000154541
286.75,-0.000154484
287.25,-0.000154428
287.75,-0.000154372
288.25,-0.000154317
288.75,-0.000154263
289.25,-0.00015421
289.75,-0.000154158
290.25,-0.000154107
290.75,-0.000154055
291.25,-0.000154004
291.75,-0.000153954
292.25,-0.000153903
292.75,-0.000153854
293.25,-0.000153804
293.75,-0.000153756
294.25,-0.000153709
294.75,-0.00015366
295.25,-0.000153609
295.75,-0.000153557
296.25,-0.000153504
296.75,-0.00015345
297.25,-0.000153395
297.75,-0.000153341
298.25,-0.000153286
298.75,-0.000153232
299.25,-0.000153178
299.75,-0.000153125
300.25,-0.000153073
300.75,-0.000153021
301.25,-0.00015297
301.75,-0.00015292
302.25,-0.000152871
302.75,-0.000152821
303.25,-0.000152772
303.75,-0.000152722
304.25,-0.000152673
304.75,-0.000152625
305.25,-0.000152577
305.75,-0.00015253
306.25,-0.000152484
306.75,-0.000152439
307.25,-0.000152395
307.75,-0.000152348
308.25,-0.0001523
308.75,-0.00015225
309.25,-0.0001522
309.75,-0.000152149
310.25,-0.000152098
310.75,-0.000152046
311.25,-0.000151994
311.75,-0.000151943
312.25,-0.000151892
312.75,-0.000151842
313.25,-0.000151793
313.75,-0.000151744
314.25,-0.000151696
314.75,-0.000151647
315.25,-0.000151599
315.75,-0.000151551
316.25,-0.000151503
316.75,-0.000151455
317.25,-0.000151408
317.75,-0.000151361
318.25,-0.000151315
318.75,-0.00015127
319.25,-0.000151225
319.75,-0.000151182
320.25,-0.000151139
320.75,-0.000151098
321.25,-0.000151054
321.75,-0.000151008
322.25,-0.000150962
322.75,-0.000150914
323.25,-0.000150866
323.75,-0.000150818
324.25,-0.000150769
324.75,-0.00015072
325.25,-0.000150672
325.75,-0.000150624
326.25,-0.000150576
326.75,-0.000150529
327.25,-0.000150482
327.75,-0.000150435
328.25,-0.000150387
328.75,-0.00015034
329.25,-0.000150293
329.75,-0.000150246
330.25,-0.000150199
330.75,-0.000150153
331.25,-0.000150107
331.75,-0.000150063
332.25,-0.000150019
332.75,-0.000149976
333.25,-0.000149934
333.75,-0.000149893
334.25,-0.000149853
334.75,-0.000149814
335.25,-0.000149774
335.75,-0.000149732
336.25,-0.000149689
336.75,-0.000149644
337.25,-0.000149599
337.75,-0.000149553
338.25,-0.000149508
338.75,-0.000149462
339.25,-0.000149416
339.75,-0.00014937
340.25,-0.000149325
340.75,-0.000149279
341.25,-0.000149232
341.75,-0.000149186
342.25,-0.000149139
342.75,-0.000149092
343.25,-0.000149045
343.75,-0.000148999
344.25,-0.000148953
344.75,-0.000148908
345.25,-0.000148864
345.75,-0.00014882
346.25,-0.000148777
346.75,-0.000148736
347.25,-0.000148695
347.75,-0.000148655
348.25,-0.000148616
348.75,-0.000148578
349.25,-0.000148541
349.75,-0.000148505
350.25,-0.000148467
350.75,-0.000148428
351.25,-0.000148387
351.75,-0.000148346
352.25,-0.000148303
352.75,-0.00014826
353.25,-0.000148217
353.75,-0.000148174
354.25,-0.000148131
354.75,-0.000148087
355.25,-0.000148041
355.75,-0.000147996
356.25,-0.00014795
356.75,-0.000147904
357.25,-0.000147858
357.75,-0.000147812
358.25,-0.000147767
358.75,-0.000147722
359.25,-0.000147678
359.75,-0.000147635
360.25,-0.000147592
360.75,-0.000147551
361.25,-0.00014751
361.75,-0.00014747
362.25,-0.000147431
362.75,-0.000147393
363.25,-0.000147356
363.75,-0.000147321
364.25,-0.000147286
364.75,-0.000147251
365.25,-0.000147215
365.75,-0.000147178
366.25,-0.000147139
366.75,-0.000147099
367.25,-0.000147059
367.75,-0.000147018
368.25,-0.000146977
368.75,-0.000146935
369.25,-0.000146892
369.75,-0.000146848
370.25,-0.000146804
370.75,-0.000146759
371.25,-0.000146714
371.75,-0.000146669
372.25,-0.000146624
372.75,-0.00014658
373.25,-0.000146536
373.75,-0.000146492
374.25,-0.00014645
374.75,-0.000146407
375.25,-0.000146366
375.75,-0.000146326
376.25,-0.000146286
376.75,-0.000146248
377.25,-0.00014621
377.75,-0.000146174
378.25,-0.000146138
378.75,-0.000146104
379.25,-0.00014607
379.75,-0.000146038
380.25,-0.000146005
380.75,-0.00014597
381.25,-0.000145935
381.75,-0.000145898
382.25,-0.00014586
382.75,-0.000145821
383.25,-0.000145783
383.75,-0.000145743
384.25,-0.000145701
384.75,-0.000145659
385.25,-0.000145616
385.75,-0.000145573
386.25,-0.000145529
386.75,-0.000145485
387.25,-0.000145441
387.75,-0.000145398
388.25,-0.000145355
388.75,-0.000145312
389.25,-0.00014527
389.75,-0.000145228
390.25,-0.000145188
390.75,-0.000145148
391.25,-0.000145109
391.75,-0.000145071
392.25,-0.000145034
392.75,-0.000144998
393.25,-0.000144962
393.75,-0.000144928
394.25,-0.000144895
394.75,-0.000144863
395.25,-0.000144831
395.75,-0.000144801
396.25,-0.000144768
396.75,-0.000144734
397.25,-0.000144699
397.75,-0.000144663
398.25,-0.000144627
398.75,-0.00014459
399.25,-0.000144552
399.75,-0.000144512
400.25,-0.000144472
400.75,-0.00014443
401.25,-0.000144388
401.75,-0.000144346
402.25,-0.000144304
402.75,-0.000144261
403.25,-0.000144218
403.75,-0.000144176
404.25,-0.000144135
404.75,-0.000144093
405.25,-0.000144053
405.75,-0.000144013
406.25,-0.000143973
406.75,-0.000143935
407.25,-0.000143897
407.75,-0.000143861
408.25,-0.000143825
408.75,-0.00014379
409.25,-0.000143756
409.75,-0.000143723
410.25,-0.000143691
410.75,-0.000143661
411.25,-0.000143631
411.75,-0.000143601
412.25,-0.00014357
412.75,-0.000143538
413.25,-0.000143504
413.75,-0.00014347
414.25,-0.000143435
414.75,-0.000143399
415.25,-0.000143363
415.75,-0.000143326
416.25,-0.000143288
416.75,-0.000143249
417.25,-0.000143209
417.75,-0.000143168
418.25,-0.000143127
418.75,-0.000143086
419.25,-0.000143045
419.75,-0.000143004
420.25,-0.000142964
420.75,-0.000142924
421.25,-0.000142884
421.75,-0.000142845
422.25,-0.000142806
422.75,-0.000142769
423.25,-0.000142732
423.75,-0.000142696
424.25,-0.000142661
424.75,-0.000142626
425.25,-0.000142593
425.75,-0.00014256
426.25,-0.000142529
426.75,-0.000142498
427.25,-0.000142469
427.75,-0.00014244
428.25,-0.000142412
428.75,-0.000142382
429.25,-0.00014235
429.75,-0.000142318
430.25,-0.000142284
430.75,-0.00014225
431.25,-0.000142216
431.75,-0.000142181
432.25,-0.000142146
432.75,-0.000142109
433.25,-0.000142071
433.75,-0.000142033
434.25,-0.000141994
434.75,-0.000141954
435.25,-0.000141914
435.75,-0.000141874
436.25,-0.000141835
436.75,-0.000141795
437.25,-0.000141756
437.75,-0.000141717
438.25,-0.000141679
438.75,-0.000141642
439.25,-0.000141605
439.75,-0.000141569
440.25,-0.000141534
440.75,-0.0001415
441.25,-0.000141466
441.75,-0.000141433
442.25,-0.000141402
442.75,-0.000141371
443.25,-0.000141341
443.75,-0.000141312
444.25,-0.000141284
444.75,-0.000141256
445.25,-0.000141229
445.75,-0.0001412
446.25,-0.000141169
446.75,-0.000141138
447.25,-0.000141106
447.75,-0.000141073
448.25,-0.000141039
448.75,-0.000141005
449.25,-0.000140971
449.75,-0.000140936
450.25,-0.0001409
450.75,-0.000140862
451.25,-0.000140825
451.75,-0.000140786
452.25,-0.000140748
452.75,-0.000140709
453.25,-0.000140671
453.75,-0.000140632
454.25,-0.000140594
454.75,-0.000140557
455.25,-0.00014052
455.75,-0.000140483
456.25,-0.000140448
456.75,-0.000140413
457.25,-0.000140378
457.75,-0.000140345
458.25,-0.000140312
458.75,-0.000140281
459.25,-0.00014025
459.75,-0.00014022
460.25,-0.000140191
460.75,-0.000140162
461.25,-0.000140135
461.75,-0.000140108
462.25,-0.000140083
462.75,-0.000140056
463.25,-0.000140028
463.75,-0.000139999
464.25,-0.000139968
464.75,-0.000139937
465.25,-0.000139905
465.75,-0.000139873
466.25,-0.00013984
466.75,-0.000139807
467.25,-0.000139773
467.75,-0.000139737
468.25,-0.000139701
468.75,-0.000139664
469.25,-0.000139627
469.75,-0.000139589
470.25,-0.000139552
470.75,-0.000139514
471.25,-0.000139477
471.75,-0.00013944
472.25,-0.000139404
472.75,-0.000139368
473.25,-0.000139333
473.75,-0.000139298
474.25,-0.000139264
474.75,-0.000139231
475.25,-0.000139199
475.75,-0.000139167
476.25,-0.000139136
476.75,-0.000139106
477.25,-0.000139077
477.75,-0.000139049
478.25,-0.000139022
478.75,-0.000138995
479.25,-0.00013897
479.75,-0.000138945
480.25,-0.000138921
480.75,-0.000138895
481.25,-0.000138868
481.75,-0.000138839
482.25,-0.00013881
482.75,-0.00013878
483.25,-0.000138749
483.75,-0.000138718
484.25,-0.000138687
484.75,-0.000138655
485.25,-0.000138621
485.75,-0.000138586
486.25,-0.000138551
486.75,-0.000138515
487.25,-0.000138478
487.75,-0.000138442
488.25,-0.000138405
488.75,-0.000138369
489.25,-0.000138333
489.75,-0.000138297
490.25,-0.000138262
490.75,-0.000138227
491.25,-0.000138193
491.75,-0.00013816
492.25,-0.000138127
492.75,-0.000138095
493.25,-0.000138064
493.75,-0.000138033
494.25,-0.000138003
494.75,-0.000137975
495.25,-0.000137947
495.75,-0.000137919
496.25,-0.000137893
496.75,-0.000137867
497.25,-0.000137843
497.75,-0.000137819
498.25,-0.000137796
498.75,-0.000137773
499.25,-0.000137748
499.75,-0.000137722
