energies,initx,inity,initz,tot_dist,dEdx,beta_gamma
1999.73,-632.558,-801.257,-1124.24,1269.31,0.000192176,19.9013
1999.42,1007.07,420.924,113.438,939.009,0.000192172,19.8983
1999.42,1083.47,132.029,-837.596,1177.63,0.000192172,19.8983
1999.24,-555.674,939.42,-226.527,953.873,0.00019217,19.8966
1999.35,709.64,829.238,53.5175,935.106,0.000192172,19.8976
1999.53,-139.021,-1082.59,434.24,1005.29,0.000192174,19.8994
1998.9,-252.307,-1061.84,-378.729,988.66,0.000192166,19.8934
0.0309004,669.703,-851.11,-568.162,2126.85,0.0422367,inf
1999.43,421.283,-1006.86,-414.47,999.125,0.000192173,19.8984
1999.37,180.661,1076.39,234.504,955.265,0.000192172,19.8979
1999.68,-617.932,899.686,1127.52,1336.23,0.000192175,19.9008
1999.38,792.216,750.716,-426.461,1002.86,0.000192172,19.898
1999.41,-817.696,722.946,-885.849,1203.32,0.000192172,19.8982
1999.43,-365.392,1028.47,-410.596,998.004,0.000192173,19.8984
1999.2,-1085.67,111.996,-452.819,1011.27,0.00019217,19.8962
1999.79,-1075.42,-186.534,1122.06,1332.87,0.000192177,19.9019
1999.45,-1036.03,343.44,143.68,942.049,0.000192173,19.8986
1999.48,578.465,925.605,-262.157,960.528,0.000192173,19.8989
1999.94,-207.365,73.796,358.659,0.223723,0.000192178,19.9032
1999.81,-617.66,161.656,1043.27,794.109,0.000192177,19.902
1999.5,1077.22,-175.36,-102.77,938.116,0.000192173,19.8991
1999.51,-1078.29,-168.859,240.95,956.473,0.000192174,19.8992
1999.45,-322.607,1042.69,-592.384,1062.84,0.000192173,19.8986
1999.46,-470.858,-984.654,-165.888,944.688,0.000192173,19.8987
1999.44,-1064.4,241.463,-11.7999,934.044,0.000192173,19.8985
1999.48,-1087.88,88.0657,-13.5599,934.044,0.000192173,19.8989
1999.48,627.421,893.14,264.208,960.99,0.000192173,19.8989
1999.96,163.465,-12.9685,-162.382,5.67039,0.000192179,19.9035
1999.76,1089.45,66.6164,-1085.47,1316.35,0.000192176,19.9016
1999.04,380.836,1022.88,687.567,1104.09,0.000192168,19.8947
1999.94,-206.718,-1.01987,309.542,3.19065,0.000192178,19.9032
1999.8,-700.859,-71.1774,1057.63,897.072,0.000192177,19.9019
1999.39,-1.163,-1091.45,-334.748,976.933,0.000192172,19.8981
1999.09,-911.646,600.216,-815.213,1165.9,0.000192169,19.8952
1999.82,-313.578,-274.406,996.396,4.49633,0.000192177,19.9021
1999.48,1011.48,410.158,-136.37,941.251,0.000192173,19.8989
1999.96,156.255,-66.9645,-195.119,0.0272659,0.000192179,19.9034
1999.79,927.647,-262.005,-1110.82,1207.07,0.000192177,19.9019
1999.86,191.75,-264.697,702.096,4.41915,0.000192178,19.9025
1999.86,196.712,-270.447,718.387,15.0073,0.000192178,19.9025
1999.82,288.288,-369.14,1007.27,332.375,0.000192177,19.9021
1999.43,-60.1914,1089.83,-607.396,1069,0.000192173,19.8984
1999.29,-851.878,682.394,-356.614,982.573,0.000192171,19.8971
1999.21,-992.951,453.082,-451.596,1010.83,0.00019217,19.8963
1999.49,-815.915,-724.923,294.752,967.434,0.000192173,19.899
1999.28,1033.36,-351.171,259.671,960.074,0.000192171,19.897
1999.94,22.2604,-186.107,244.19,4.01431,0.000192178,19.9033
1999.76,190.437,-805.796,1082.8,1056.85,0.000192176,19.9015
1999.02,1072.52,-202.507,-880.94,1200.41,0.000192168,19.8945
1999.45,-1082.24,-141.427,2.85967,933.975,0.000192173,19.8986
1999.91,-36.836,-224.644,375.005,5.1326,0.000192178,19.903
1999.8,-49.7575,-628.621,1041.47,780.298,0.000192177,19.902
1999.35,-1083.37,-132.579,163.02,944.343,0.000192172,19.8977
1999.18,-401.168,-1015.01,348.773,980.539,0.00019217,19.8961
1999.5,-1042.07,-324.716,-609.163,1069.74,0.000192173,19.8991
1999.48,198.988,1073.12,192.146,948.335,0.000192173,19.8989
1999.53,836.453,-701.086,193.364,948.546,0.000192174,19.8993
1999.1,738.018,-804.12,668.079,1095.23,0.000192169,19.8953
1999.45,-128.863,-1083.85,-128.562,940.442,0.000192173,19.8986
1999.03,-507.723,966.215,451.14,1010.64,0.000192168,19.8946
1999.28,-479.718,980.333,218.765,952.567,0.000192171,19.897
1999.79,929.531,-572.025,1078.95,1313.83,0.000192177,19.9018
1999.51,730.272,811.149,-161.839,944.182,0.000192174,19.8992
1999.97,4.30224,163.849,-162.419,5.5167,0.000192179,19.9035
1999.79,-124.161,1084.39,-1087.07,1317.24,0.000192177,19.9018
1999.96,-15.6705,-166.864,-178.754,3.84198,0.000192179,19.9034
1999.77,48.3209,-1055.11,-1131.42,1306.49,0.000192176,19.9016
1999.88,-212.098,177.54,-538.529,3.54939,0.000192178,19.9027
1999.79,-418.911,311.425,-1017.96,535.209,0.000192177,19.9018
1999.46,-1005.63,424.261,475.667,1018.94,0.000192173,19.8987
1999.51,-1091.18,-23.7879,25.72,934.251,0.000192174,19.8992
1999.38,811.65,729.77,398.211,994.237,0.000192172,19.8979
1999.85,297.051,-50.7276,620.285,3.16511,0.000192177,19.9024
1999.84,304.961,-51.4655,636.623,13.0476,0.000192177,19.9023
1999.78,487.498,-59.9326,1012.64,429.525,0.000192177,19.9018
1981.9,-342.851,1036.22,-218.491,952.643,0.00019197,19.7323
1999.84,-328.924,70.5812,734.807,3.41535,0.000192177,19.9023
1999.84,-336.345,71.5002,751.117,12.7798,0.000192177,19.9023
1999.8,-452.438,82.1467,1005.44,289.863,0.000192177,19.902
1999.22,-1075.47,-186.267,636.619,1081.38,0.00019217,19.8965
1999.95,185.371,4.40805,-244.199,0.703119,0.000192179,19.9033
1999.36,810.728,111.089,-1081.08,1044.1,0.000192172,19.8977
1999.42,-113.278,-1085.53,-383.614,990.024,0.000192173,19.8984
1999.47,-584.64,-921.648,29.7702,934.333,0.000192173,19.8988
1999.36,-1009.27,-415.606,263.768,960.898,0.000192172,19.8978
1999.3,28.3034,-1091.1,-144.028,942.077,0.000192171,19.8972
1999.48,-267.532,-1058.12,76.9323,936.302,0.000192173,19.8989
1999.2,178.704,-1076.72,508.961,1030.58,0.00019217,19.8962
1999.82,-292.371,-109.592,653.023,5.23082,0.000192177,19.9022
1999.77,-444.189,-188.306,1010.83,395.46,0.000192177,19.9016
1998.81,849.098,-685.741,299.644,968.596,0.000192165,19.8925
1999.85,-303.401,134.303,-718.417,4.35546,0.000192177,19.9024
1999.85,-310.57,136.757,-734.813,14.7647,0.000192177,19.9024
1999.81,-430.993,173.443,-1007.28,313.359,0.000192177,19.902
1999.91,224.161,-32.0861,-374.958,2.88733,0.000192178,19.903
1999.62,626.297,-36.9335,-1041.47,774.706,0.000192175,19.9003
1999.81,272.868,-197.475,-734.756,4.47122,0.000192177,19.9021
1999.81,279.325,-201.332,-751.146,14.9035,0.000192177,19.902
1999.78,381.335,-257.94,-1005.4,293.113,0.000192177,19.9017
1999.32,-654.392,-873.478,549.725,1045.83,0.000192171,19.8974
1999.45,-733.355,-808.396,-471.194,1017.4,0.000192173,19.8986
1999.52,-878.923,647.192,262.503,960.663,0.000192174,19.8993
1999.32,1067.85,-225.708,-539.934,1042.1,0.000192171,19.8974
1998.74,-883.968,640.249,501.187,1027.91,0.000192165,19.8919
1999.39,-1091.43,1.61683,43.3463,934.763,0.000192172,19.8981
1999.39,1051.43,-292.72,-678.614,1099.93,0.000192172,19.898
1999.96,78.7187,159.677,-211.464,4.73766,0.000192179,19.9034
1999.8,302.932,875.473,-1104.46,1169.19,0.000192177,19.902
1999.17,-514.725,962.507,394.531,993.202,0.00019217,19.8959
1999.88,-180.42,178.273,-456.737,7.57612,0.000192178,19.9027
1999.8,-432.6,371.444,-1028.83,659.327,0.000192177,19.9019
0.149195,877.748,634.388,453.879,2665.42,0.0177013,inf
1999.43,-824.254,-715.44,481.334,1020.84,0.000192173,19.8985
1999.47,687.66,-847.613,214.377,951.848,0.000192173,19.8988
1999.22,-996.321,445.568,-425.533,1002.52,0.00019217,19.8964
1999.37,-438.328,999.531,-630.104,1078.48,0.000192172,19.8979
1999.43,1074.61,-190.95,415.828,999.565,0.000192173,19.8984
1999.41,-217.57,-1069.55,158.372,943.776,0.000192172,19.8983
1999.3,-928.7,573.476,-394.832,993.281,0.000192171,19.8972
1998.88,671.242,860.68,210.874,951.262,0.000192166,19.8932
1999.43,784.276,-759.013,459.015,1013.29,0.000192173,19.8984
1999.18,973.218,494.106,-616.076,1072.64,0.00019217,19.8961
1999.44,940.551,-553.832,-111.131,938.816,0.000192173,19.8985
1999.93,-238.308,-11.4486,407.686,7.16352,0.000192178,19.9031
1999.84,-600.231,-75.9423,1036.07,732.582,0.000192177,19.9023
1999.48,-515.639,-961.98,690.404,1105.29,0.000192173,19.8989
1999.36,-859.342,-672.919,980.497,1256.33,0.000192172,19.8978
1999.49,293.788,-1051.15,-339.188,978.057,0.000192173,19.899
1998.34,-902.54,613.715,-625.182,1076.48,0.00019216,19.8881
1999.44,1057.64,269.657,662.63,1092.79,0.000192173,19.8985
1999.96,150.551,-62.4082,-162.424,4.21012,0.000192179,19.9035
1999.77,1056.91,-272.403,-1093.38,1319.76,0.000192177,19.9017
1999.96,-118.306,121.148,178.741,6.36039,0.000192179,19.9034
1999.72,-848.191,653.621,1135.06,1323.08,0.000192176,19.9012
1997.52,166.657,1078.68,-500.705,1027.71,0.000192151,19.8803
0.0343332,-213.33,1061.78,-70.5778,1978.68,0.0406523,inf
1999.31,-460.602,989.489,-24.9745,934.22,0.000192171,19.8973
1999.32,1014.42,402.659,338.346,977.882,0.000192171,19.8974
1999.36,99.4236,-1086.87,-91.9829,937.299,0.000192172,19.8978
1997.98,-742.358,-800.061,-490.027,1023.89,0.000192156,19.8847
1999.43,459.638,-989.965,-589.447,1061.58,0.000192173,19.8984
1999.36,1088.26,-82.9739,491.649,1024.47,0.000192172,19.8978
1999.38,303.86,-1048.28,-952.723,1240.02,0.000192172,19.8979
1999.48,-1089.9,57.3859,278.219,963.863,0.000192173,19.8989
1999.46,-1014.1,-403.492,247.573,957.779,0.000192173,19.8987
1999.38,996.081,446.187,375.41,987.707,0.000192172,19.898
1999.38,-536.56,950.446,-18.0433,934.126,0.000192172,19.8979
1999.24,966.132,-507.816,781.169,1148.75,0.00019217,19.8967
1999.49,258.692,1060.4,428.486,1003.42,0.000192173,19.899
1998.82,943.857,548.003,-461.477,1014.14,0.000192166,19.8927
1999.54,942.838,549.934,-108.37,938.592,0.000192174,19.8994
1999.49,369.951,1026.85,-557.173,1048.74,0.000192173,19.899
1999.51,-901.79,-614.768,196.599,949.021,0.000192174,19.8992
1999.13,-143.427,-1081.97,176.903,946.166,0.000192169,19.8956
1999.39,1088.87,75.7092,-201.442,949.744,0.000192172,19.898
1999.41,-640.006,884.132,758.253,1137.42,0.000192172,19.8982
1999.97,-31.1923,164.32,-178.774,3.31554,0.000192179,19.9035
1999.78,-338.268,997.943,-1131.46,1303.93,0.000192177,19.9017
1999.48,791.733,-751.243,-421.638,1001.38,0.000192173,19.8989
1999.5,-1036.8,340.989,454.758,1011.92,0.000192173,19.8991
1999.52,-1034.76,-347.195,371.764,986.758,0.000192174,19.8992
1999.79,113.35,944.085,-1109.82,1195.73,0.000192177,19.9019
1999.41,643.966,881.174,-105.089,938.327,0.000192172,19.8982
1999.31,-474.632,-982.898,-814.404,1165.59,0.000192171,19.8973
1992.86,-968.705,-502.867,-693.709,1106.81,0.000192097,19.8362
1999.51,-712.62,-826.652,-191.511,948.248,0.000192174,19.8992
1999.31,785.062,-758.297,-399.037,994.532,0.000192171,19.8973
1999.29,-213.192,1070.43,692.079,1106.03,0.000192171,19.8971
1984.86,858.171,-674.474,551.372,1046.48,0.000192004,19.7603
1999.35,-541.266,-947.769,-765.618,1141.01,0.000192172,19.8977
1999.31,-494.781,-972.832,-832.511,1175.21,0.000192171,19.8973
1998.9,750.647,-792.314,-380.427,989.126,0.000192167,19.8934
1999.5,-635.791,-887.115,410.112,997.737,0.000192173,19.8991
1999.35,-784.621,-758.645,97.7483,937.727,0.000192172,19.8977
1999.45,913.803,-596.863,-282.203,964.721,0.000192173,19.8987
1999.36,291.673,1051.74,288.887,966.191,0.000192172,19.8978
1999.47,-934.618,-563.781,-463.739,1014.84,0.000192173,19.8988
1999.45,1051.62,292.239,533.469,1039.69,0.000192173,19.8986
1999.44,-1016.22,398.301,431.497,1004.28,0.000192173,19.8985
1999.51,47.3958,1090.42,287.083,965.795,0.000192174,19.8992
1999.51,-411.024,-1011.1,413.003,998.666,0.000192174,19.8992
1999.95,-111.207,-120.897,162.43,6.00185,0.000192179,19.9033
1999.73,-619.421,-898.7,1084.14,1315.9,0.000192176,19.9013
1999.44,-1065.44,236.92,-280.596,964.413,0.000192173,19.8986
1999.48,-940.072,-554.557,285.777,965.467,0.000192173,19.8989
1999.32,-553.173,940.902,689.479,1104.91,0.000192171,19.8974
1999.19,446.626,-995.9,-962.261,1245.58,0.00019217,19.8961
1999.45,232.81,-1066.35,-438.861,1006.66,0.000192173,19.8986
1999.35,1091.45,-5.17031,-801.443,1159.06,0.000192172,19.8976
1999.46,919.747,587.637,-289.901,966.411,0.000192173,19.8987
1999.47,951.018,-535.661,428.857,1003.61,0.000192173,19.8988
1999.95,49.767,-162.827,195.103,0.447428,0.000192179,19.9034
1999.8,401.019,-880.841,1113.46,1212.27,0.000192177,19.902
1999.94,169.101,-11.1804,178.767,6.52451,0.000192179,19.9033
1999.76,1067.69,79.9778,1135.07,1323.23,0.000192176,19.9015
1999.53,817.484,723.178,-158.883,943.82,0.000192174,19.8993
1999.86,-9.47869,-258.517,-473.153,7.70439,0.000192178,19.9025
1999.77,17.123,-560.361,-1027.06,636.484,0.000192177,19.9016
1999.2,-858.575,-673.859,720.927,1119.48,0.00019217,19.8962
1997.89,917.728,590.738,-250.53,958.287,0.000192155,19.8838
1999.48,-733.499,808.207,516.583,1033.43,0.000192173,19.8989
1999.93,4.53738,-165.549,178.752,0.944664,0.000192178,19.9032
1999.75,172.019,-1025.92,1127.85,1288.37,0.000192176,19.9015
1999.4,-505.353,-967.443,-131.328,940.717,0.000192172,19.8981
1996.78,360.08,1030.31,-744.818,1130.89,0.000192142,19.8733
1999.41,1080.88,-151.804,607.891,1069.31,0.000192172,19.8982
1999.93,-210.607,-35.7219,325.931,6.64827,0.000192178,19.9032
1999.82,-665.538,-178.012,1054.04,874.813,0.000192177,19.9021
1999.84,96.5109,-321.446,-734.767,1.55945,0.000192177,19.9023
1999.84,99.285,-328.384,-751.109,9.03228,0.000192177,19.9023
1999.79,145.867,-434.941,-1005.44,284.076,0.000192177,19.9018
1999.5,-148.716,-1081.28,477.251,1019.44,0.000192173,19.8991
1999.5,-903.744,-611.957,-12.7902,934.044,0.000192173,19.8991
1999.41,-440.859,998.503,-552.746,1047.01,0.000192172,19.8982
1999.93,-48.3785,189.201,276.909,0.500534,0.000192178,19.9032
1999.78,-259.65,703.339,1066.64,958.678,0.000192177,19.9017
1996.68,-374.376,1025.26,-663.005,1093,0.000192141,19.8723
1999.91,84.806,170.419,-260.516,0.648071,0.000192178,19.903
1999.77,271.295,733.581,-1073.84,1000.19,0.000192177,19.9017
1999.92,-83.108,-187.579,309.57,0.356285,0.000192178,19.9031
1999.78,-220.626,-662.299,1055.82,887.175,0.000192177,19.9017
1999.4,295.059,1050.81,-540.689,1042.28,0.000192172,19.8981
1999.32,875.501,651.684,-726.228,1121.95,0.000192171,19.8974
1999.38,-612.987,-903.057,-645.307,1085.18,0.000192172,19.8979
1999.95,-17.139,179.101,-211.468,7.63326,0.000192179,19.9034
1999.81,-203.815,913.948,-1106.22,1181.67,0.000192177,19.9021
1999.89,-92.4823,250.826,505.834,5.03502,0.000192178,19.9028
1999.78,-217.493,492.954,1021.63,582.814,0.000192177,19.9018
1999.91,150.353,-167.015,-358.595,8.99888,0.000192178,19.903
1999.79,478.235,-446.528,-1046.85,820.793,0.000192177,19.9018
1999.43,1088.07,85.8774,274.502,963.107,0.000192173,19.8984
1999.11,-1085.27,115.5,106.239,938.402,0.000192169,19.8954
1999.75,-463.678,-988.052,1042,1291.77,0.000192176,19.9015
1999.43,-1063.28,-246.233,457.844,1012.94,0.000192173,19.8984
1999.91,104.018,-216.834,-424.063,1.03633,0.000192178,19.903
1999.91,108.467,-224.946,-440.364,10.7343,0.000192178,19.9029
1999.82,291.45,-506.412,-1032.41,691.028,0.000192177,19.9021
1999.91,-224.346,-1.04998,358.644,8.24162,0.000192178,19.903
1999.77,-650.837,-59.4983,1046.87,819.087,0.000192177,19.9016
1999.96,136.756,-102.53,195.101,1.45051,0.000192179,19.9034
1999.77,846.533,-476.483,1113.43,1216.24,0.000192176,19.9016
1999.53,-331.256,1039.93,95.3994,937.534,0.000192174,19.8994
1998.61,-454.612,-992.284,277.942,963.85,0.000192163,19.8907
1999.47,-1080.05,-157.412,727.042,1122.51,0.000192173,19.8988
1999.86,-100.179,-316.181,-718.4,4.07424,0.000192178,19.9025
1999.86,-101.833,-323.576,-734.793,14.2046,0.000192178,19.9025
1999.82,-125.114,-447.289,-1007.22,312.528,0.000192177,19.9021
1999.43,530.397,953.938,215.724,952.065,0.000192173,19.8985
1999.33,706.669,831.797,846.922,1182.4,0.000192172,19.8975
1999.53,108.558,1086.03,-239.407,956.204,0.000192174,19.8993
1999.94,82.7609,159.241,-211.427,6.98657,0.000192179,19.9033
1999.76,324.003,877.462,-1106.25,1179.99,0.000192176,19.9016
1999.88,-232.484,-12.3098,-391.318,5.58087,0.000192178,19.9027
1999.8,-610.003,-81.8545,-1037.01,752.746,0.000192177,19.9019
1999.5,-459.967,-989.8,-331.63,976.17,0.000192173,19.8991
1999.5,-985.6,-468.884,334.846,976.944,0.000192173,19.8991
1999.43,316.172,-1044.61,89.9604,937.166,0.000192173,19.8984
1999.38,-116.435,1085.21,167.112,944.864,0.000192172,19.898
1999.23,-732.015,-809.625,-838.117,1177.9,0.00019217,19.8965
1999.12,825.213,714.419,-874.9,1197.31,0.000192169,19.8955
1999.29,276.736,1055.8,-148.122,942.558,0.000192171,19.8971
1999.03,305.407,1047.85,160.593,944.051,0.000192168,19.8946
1999.37,856.428,676.623,328.759,975.436,0.000192172,19.8978
1999.86,-32.3947,-205.928,-309.606,6.21386,0.000192178,19.9025
1999.73,-42.131,-709.964,-1059.41,907.509,0.000192176,19.9013
1999.03,-291.715,-1051.77,-351.511,981.264,0.000192168,19.8947
1999.39,901.366,-615.438,175.67,946.023,0.000192172,19.898
1999.52,190.733,1074.61,-98.414,937.778,0.000192174,19.8993
1999.5,-958.5,17.9789,-1111.65,1203.13,0.000192173,19.8991
1999.53,-1091.12,-26.6046,-166.186,944.753,0.000192174,19.8993
1999.43,780.115,763.34,-231.016,954.721,0.000192173,19.8984
1076.56,-753.809,789.342,503.851,1031.64,0.00017853,2107.78
348.56,-710.576,817.295,481.534,1467.47,0.00016144,inf
679.308,-733.459,796.823,453.487,1893.89,0.000169761,inf
1998.7,-560.146,936.706,-426.284,1002.87,0.000192164,19.8915
1999.4,-484.206,-978.21,554.982,1047.89,0.000192172,19.8982
1999.92,205.233,35.5685,309.546,5.98551,0.000192178,19.9031
1999.81,683.678,187.663,1056.44,903.365,0.000192177,19.902
1999.33,868.42,-661.105,298.793,968.399,0.000192171,19.8975
1999.79,-402.179,1014.66,-1038.73,1289.81,0.000192177,19.9019
1999.33,-1090.29,50.5606,-713.815,1116.21,0.000192172,19.8975
1998.71,-879.814,-645.853,-77.4335,936.358,0.000192164,19.8916
1999.39,329.91,-1040.43,-707.514,1113.26,0.000192172,19.898
1999.93,38.2461,210.67,-325.924,7.55675,0.000192178,19.9031
1999.76,59.5183,687.674,-1054.06,877.079,0.000192176,19.9016
1999.37,-316.614,1044.53,643.133,1084.16,0.000192172,19.8978
1999.32,-363.729,1029.03,-629.93,1078.36,0.000192171,19.8974
1999.4,-709.143,-829.708,-713.134,1115.69,0.000192172,19.8982
1999.35,-1091.19,-23.9913,-761.508,1139.21,0.000192172,19.8977
1999.48,-1091.14,25.1091,-549.43,1045.74,0.000192173,19.8989
1999.49,1070.12,214.696,16.9085,934.093,0.000192173,19.899
1999.46,-1069.9,-215.998,-498.939,1027.05,0.000192173,19.8987
1999.41,-438.065,999.718,-492.388,1024.7,0.000192172,19.8982
1999.36,148.649,-1081.26,297.045,967.966,0.000192172,19.8977
1967.03,954.06,-530.114,-163.91,944.551,0.000191797,19.5913
2.13043,-1074.14,138.221,-271.057,1895.57,0.00221052,inf
3.17862,-1067.01,185.419,-92.59,2836.85,0.0015905,inf
2.57156,-1068.74,-175.179,-101.329,3770.41,0.00189315,inf
0.0658232,-1070.13,-166.445,58.8417,4704.98,0.0297541,inf
1999.4,591.383,917.332,-339.925,978.281,0.000192172,19.8981
1999.4,430.481,1003.02,312.54,971.548,0.000192172,19.8981
1999.8,-422.576,-1006.36,-1051.5,1297.38,0.000192177,19.9019
1999.95,188.207,-27.3037,-260.526,0.335638,0.000192179,19.9034
1999.81,780.714,-28.2333,-1073.83,999.141,0.000192177,19.902
1999.23,678.739,-854.705,385.32,990.55,0.00019217,19.8966
1999.51,-14.6063,-1091.35,-16.5262,934.068,0.000192174,19.8992
1999.42,909.422,603.574,633.802,1080.2,0.000192173,19.8984
1999.39,681.771,852.336,-616.892,1072.94,0.000192172,19.898
1999.46,449.918,-994.443,-359.041,983.342,0.000192173,19.8988
1999.44,-352.019,-1033.11,175,945.956,0.000192173,19.8985
1999.94,-178.63,-64.2917,244.174,7.93425,0.000192179,19.9033
1999.72,-754.509,-373.527,1086.44,1074.77,0.000192176,19.9012
1999.47,-1022.74,-381.048,302.967,969.369,0.000192173,19.8988
1999.79,-291.359,-1051.86,-1017.86,1277.55,0.000192177,19.9018
1951.23,-597.292,-913.558,-119.191,939.609,0.000191611,19.4417
1999.48,-616.214,900.809,94.9912,937.508,0.000192173,19.8989
1999.56,-1082.52,139.276,-20.735,934.134,0.000192174,19.8996
1999.45,-110.265,-1085.84,-455.97,1012.23,0.000192173,19.8986
1999.5,1088.69,-77.9446,400.949,995.036,0.000192173,19.8991
1999.2,1014.32,403.025,-487.197,1022.86,0.00019217,19.8962
1999.43,857.836,674.84,563.331,1051.21,0.000192173,19.8984
1999.92,-125.444,106.943,-162.415,6.82317,0.000192178,19.9031
1999.74,-921.528,584.827,-1079.4,1313.84,0.000192176,19.9014
1999.5,60.6113,1089.72,102.077,938.059,0.000192173,19.8991
1999.31,848.041,-687.066,-483.924,1021.72,0.000192171,19.8973
1999.45,106.81,1086.18,-653.733,1088.79,0.000192173,19.8986
1999.78,425.114,1005.24,-1060.8,1302.93,0.000192177,19.9017
1999.88,264.428,-112.303,-571.28,5.10074,0.000192178,19.9027
1999.82,479.507,-174.086,-1016.28,497.202,0.000192177,19.9022
1999.34,115.295,1085.35,228.781,954.307,0.000192172,19.8975
1999.95,180.409,-31.0851,227.809,4.94937,0.000192179,19.9034
1999.8,869.333,-44.1158,1091.48,1107.84,0.000192177,19.9019
1999.51,-533.999,951.884,239.337,956.205,0.000192174,19.8992
1999.9,-92.3681,-178.667,-293.247,2.01955,0.000192178,19.9029
1999.78,-267.446,-674.908,-1061.1,926.589,0.000192177,19.9018
1999.39,1063.53,245.273,645.276,1085.08,0.000192172,19.898
1999.81,42.3918,-941.718,-1108.02,1187.86,0.000192177,19.902
1999.13,-134.335,-1083.11,390.371,992.002,0.000192169,19.8956
1999.39,-501.124,-969.579,-344.584,979.478,0.000192172,19.8981
1999.15,-84.8027,-1088.16,1000.11,1267.35,0.000192169,19.8958
1999.44,-718.217,-821.879,273.346,962.838,0.000192173,19.8985
1999.8,-147.345,-324.18,-800.149,2.79674,0.000192177,19.9019
1999.79,-149.713,-331.087,-816.534,11.1597,0.000192177,19.9019
1999.77,-174.635,-409.795,-1001.82,210.041,0.000192177,19.9016
1999.77,-174.865,-410.582,-1003.66,211.969,0.000192176,19.9016
1999.44,202.732,-1072.47,564.042,1051.45,0.000192173,19.8985
1999.53,-643.726,-881.456,-121.823,939.78,0.000192174,19.8993
1999.77,478.278,824.814,1109.81,1197.85,0.000192176,19.9016
1997.59,207.817,-1071.51,-501.604,1027.9,0.000192151,19.881
1999.14,414.968,1009.54,990.451,1261.71,0.000192169,19.8957
1999.41,-875.85,651.213,447.401,1009.46,0.000192172,19.8982
1999.76,-241.519,-853.039,1095.44,1125.9,0.000192176,19.9015
1999.23,-615.648,-901.23,743.186,1130.16,0.00019217,19.8965
1999.54,-909.494,603.309,-260.319,960.161,0.000192174,19.8994
1999.49,805.002,736.981,100.142,937.918,0.000192173,19.899
1999.46,-1056.21,275.304,262.249,960.588,0.000192173,19.8987
1999.42,-163.21,-1079.22,120.075,939.621,0.000192173,19.8983
1999.94,-178.528,-31.9843,-227.78,2.2859,0.000192179,19.9033
1999.7,-828.936,-252.57,-1091.82,1101.29,0.000192176,19.901
1999.82,-761.545,-278.765,1079.05,1035.99,0.000192177,19.9021
1999.52,1085.33,-115.186,64.0868,935.592,0.000192174,19.8993
1999.41,-184.136,-1075.85,-462.646,1014.51,0.000192172,19.8983
1999.34,-1032.92,352.716,-818.733,1167.68,0.000192172,19.8976
1999.43,-197.029,-1073.55,-213.507,951.697,0.000192173,19.8984
1999.49,-180.372,1076.44,288.069,965.973,0.000192173,19.899
1999.47,-835.404,702.391,376.566,988.016,0.000192173,19.8988
1999.52,473.696,983.249,-196.489,949.02,0.000192174,19.8993
1999.18,-419.742,1007.51,374.673,987.531,0.00019217,19.8961
1999.36,821.982,717.998,337.348,977.536,0.000192172,19.8978
1999.36,838.13,699.12,871.528,1195.62,0.000192172,19.8978
1999.5,-84.2625,1088.23,118.25,939.476,0.000192173,19.8991
1999.31,-1048.24,304.169,-636.176,1081.18,0.000192171,19.8973
1999.31,1091.31,-17.0639,671.296,1096.74,0.000192171,19.8973
1999.43,669.002,862.355,297.267,968.036,0.000192173,19.8984
1999.56,-499.755,970.295,174.545,945.883,0.000192174,19.8997
1999.95,-116.283,-143.037,-227.771,6.99774,0.000192179,19.9034
1999.69,-472.029,-747.18,-1095.42,1122.59,0.000192176,19.9009
1999.45,791.428,-751.653,360.036,983.462,0.000192173,19.8986
1999.87,-216.861,-2.18633,-342.245,3.59514,0.000192178,19.9025
1999.76,-659.503,-65.7894,-1048.65,834.16,0.000192176,19.9016
1999.04,973.472,493.647,636.008,1081.08,0.000192168,19.8948
1999.95,-82.3407,-180.416,276.837,5.78907,0.000192179,19.9033
1999.82,-243.116,-724.507,1070.24,978.938,0.000192177,19.9021
1999.75,605.021,601.938,1086.9,1084.99,0.000192176,19.9014
1999.38,-80.0187,1088.49,74.7611,936.181,0.000192172,19.898
1999.94,-192.203,32.7254,260.552,8.30444,0.000192179,19.9033
1999.81,-801.046,47.943,1076.13,1026.89,0.000192177,19.902
1999.36,534.844,951.378,427.014,1003.01,0.000192172,19.8977
1999.32,-775.329,768.175,-766.801,1141.69,0.000192171,19.8974
1999.94,-128.077,-141.221,-260.546,1.11166,0.000192178,19.9032
1999.7,-460.817,-633.354,-1073.84,1001.63,0.000192176,19.901
1999.77,965.152,-314.172,-1121.44,1262.79,0.000192177,19.9017
1999.89,-144.394,-234.042,538.557,0.0176451,0.000192178,19.9028
1999.89,-148.287,-241.41,554.858,7.39481,0.000192178,19.9027
1999.77,-246.664,-456.702,1018.05,523.95,0.000192177,19.9017
1999.91,71.8023,266.783,-538.503,2.8783,0.000192178,19.903
1999.91,73.4433,275.045,-554.908,13.1718,0.000192178,19.9029
1999.84,106.232,510.452,-1018.04,533.141,0.000192177,19.9023
1999.52,-1055.21,-278.886,7.81889,934.01,0.000192174,19.8992
1999.48,7.96457,1091.4,516.4,1033.33,0.000192173,19.8989
1999.24,-736.977,-805.054,6.20108,934.001,0.00019217,19.8967
1999.52,1050.42,-296.41,-42.062,934.683,0.000192174,19.8993
1999.78,938.458,557.297,1037.08,1288.85,0.000192177,19.9018
1999.3,643.027,881.876,348.675,980.562,0.000192171,19.8972
1999.17,-54.4671,1090.13,-948.988,1237.94,0.00019217,19.896
1999.86,196.62,42.0868,-293.184,1.99584,0.000192178,19.9025
1999.65,690.674,221.559,-1061.24,926.298,0.000192175,19.9005
1999.37,855.504,677.751,-809.204,1162.86,0.000192172,19.8978
1999.33,-971.061,-498.234,-185.865,947.445,0.000192171,19.8975
1999.88,-182.004,190.416,489.481,7.23371,0.000192178,19.9026
1999.68,-405.647,372.452,1025.25,612.446,0.000192176,19.9008
1999.34,-573.304,928.74,-850.644,1184.42,0.000192172,19.8976
1999.5,-382.329,-1022.33,-208.811,950.935,0.000192173,19.899
1999.53,-903.334,612.653,-117.102,939.363,0.000192174,19.8994
1999.29,703.631,-834.349,-240.519,956.38,0.000192171,19.8971
1999.36,552.563,-941.268,560.356,1050.03,0.000192172,19.8978
1999.94,-108.263,-171.604,293.255,5.10992,0.000192178,19.9033
1999.65,-327.098,-656.525,1063.05,937.716,0.000192175,19.9005
1999.94,-200.878,23.6812,-293.237,4.0312,0.000192178,19.9032
1999.82,-730.781,12.7015,-1063,934.407,0.000192177,19.9021
1999.37,-551.571,941.868,-816.784,1166.75,0.000192172,19.8979
1998.47,837.543,699.803,-74.3453,936.165,0.000192162,19.8893
1998.89,-688.331,846.994,-628.792,1078.15,0.000192166,19.8933
1999.36,-1052.45,289.226,778.577,1147.41,0.000192172,19.8978
1999.51,-1020.85,-386.302,42.3854,934.69,0.000192174,19.8992
1999.39,-1043.51,-320.053,773.853,1145.03,0.000192172,19.898
1999.43,817.601,-722.98,307.963,970.502,0.000192173,19.8985
1999.47,-1085.44,114.278,-512.57,1031.9,0.000192173,19.8988
1999.4,1083.7,130.014,-779.354,1147.89,0.000192172,19.8981
1999.49,-359.618,1030.46,91.0779,937.234,0.000192173,19.899
1999.95,-177.743,34.1528,227.814,1.64202,0.000192179,19.9033
1999.74,-859.74,62.2754,1088.8,1094.92,0.000192176,19.9014
1999.55,-1079.92,158.022,-74.5507,936.148,0.000192174,19.8996
1998.93,740.32,802.047,357.313,982.824,0.000192167,19.8937
1998.98,-1090.15,53.8065,977.423,1253.97,0.000192167,19.8942
1999.77,34.5808,-937.801,1105.83,1183.05,0.000192177,19.9016
1999.47,1064.52,-240.815,81.1545,936.565,0.000192173,19.8988
1999.74,982.39,-475.548,-1114.34,1328.23,0.000192176,19.9014
1999.22,374.461,1025.21,-983.124,1257.52,0.00019217,19.8964
1999.45,-748.954,-793.917,36.4505,934.501,0.000192173,19.8986
1999.81,-567.545,-573.813,-1079.25,1032.72,0.000192177,19.902
1999.93,-186.854,-3.35348,244.125,3.19569,0.000192178,19.9032
1999.79,-818.986,-107.834,1082.88,1054.37,0.000192177,19.9019
1998.72,-1048.35,-303.865,-579.673,1057.72,0.000192164,19.8917
1999.49,-487.842,-976.352,235.754,955.48,0.000192173,19.899
1999.81,-647.573,493.367,-1081.08,1039.89,0.000192177,19.902
1999.94,121.995,-133.787,227.806,1.75278,0.000192178,19.9032
1999.76,653.96,-565.64,1091.82,1099.22,0.000192176,19.9016
1999.78,865.767,-664.608,1076.74,1312.46,0.000192177,19.9018
1999.94,16.4027,160.716,-162.43,2.20083,0.000192179,19.9033
1999.76,-43.7437,1090.61,-1102.09,1322.89,0.000192176,19.9016
1999.91,244.572,-38.2607,-440.362,5.29946,0.000192178,19.9029
1999.82,576.309,-47.9909,-1030.67,677.653,0.000192177,19.9021
1999.43,145.756,-1081.69,146.878,942.428,0.000192173,19.8984
1999.05,-624.946,-894.805,-380.088,989.058,0.000192168,19.8948
1999.29,705.528,832.785,-561.634,1050.56,0.000192171,19.8971
1999.51,-1019.18,-390.534,415.6,999.446,0.000192174,19.8992
1999.47,1059.52,262.098,332.057,976.307,0.000192173,19.8988
1999.28,330.37,-1040.27,-687.875,1104.17,0.000192171,19.897
1999.92,46.4916,215.674,358.636,1.25049,0.000192178,19.9031
1999.82,80.7673,635.002,1043.24,796.774,0.000192177,19.9021
1999.76,482.118,536.496,-1061.24,920.465,0.000192176,19.9016
1999.95,-70.7004,173.789,244.152,4.36176,0.000192179,19.9034
1999.81,-398.317,729.336,1084.62,1060.79,0.000192177,19.902
1999.8,-111.924,-1085.73,-1137.61,1342.42,0.000192177,19.9019
1999.8,-111.923,-1085.75,-1137.62,1342.42,0.000192177,19.9019
1999.93,210.411,22.7009,325.942,3.0345,0.000192178,19.9031
1999.82,667.65,135.498,1052.23,862.893,0.000192177,19.9021
1999.44,999.084,439.398,292.742,967.066,0.000192173,19.8985
1999.34,-796.429,746.328,-404.57,996.162,0.000192172,19.8975
1999.44,-592.349,916.735,371.642,986.574,0.000192173,19.8985
1999.37,977.848,-484.882,-615.708,1072.46,0.000192172,19.8978
1999.91,-222.716,129.206,-473.088,5.27858,0.000192178,19.903
1999.8,-498.534,246.142,-1024.2,627.406,0.000192177,19.9019
1999.48,1090.71,-39.2715,78.4907,936.39,0.000192173,19.8989
1999.38,653.875,873.958,705.282,1112.14,0.000192172,19.8979
1999.8,839.459,297.893,1097.25,1130.46,0.000192177,19.902
1999.45,607.112,-907.001,-38.1184,934.558,0.000192173,19.8986
1999.5,-541.291,947.778,330.231,975.838,0.000192173,19.8991
1999.5,-132.581,1083.39,220.883,952.942,0.000192173,19.8991
1999.42,-22.9238,-1091.19,49.1543,934.943,0.000192172,19.8983
1998.98,800.767,-741.581,-99.325,937.848,0.000192167,19.8942
1999.8,397.716,-797.027,1097.22,1130.54,0.000192177,19.9019
1999.5,797.897,744.794,-313.319,971.714,0.000192173,19.8991
1999.31,865.024,-665.56,-910.678,1216.72,0.000192171,19.8973
1999.5,1075.19,-187.552,547.931,1045.2,0.000192173,19.8991
1964.89,64.5976,1089.52,674.75,1098.44,0.000191772,19.5711
0.3175,-174.736,-9.61707,211.3,1098.76,0.0102259,inf
0.3175,-575.304,-917.559,976.645,2349.57,0.0102259,inf
0.00831676,-976.372,-468.6,597.585,3507.92,0.0482703,inf
1994.3,-1017.21,-395.56,-520.835,1035,0.000192113,19.8498
0.179557,-1034.71,319.802,-441.17,2056.41,0.0155616,inf
1999.25,-25.6994,-1091.13,-573.307,1055.1,0.000192171,19.8967
1999.52,-1086.31,-106.247,552.452,1046.9,0.000192174,19.8993
1999.42,999.378,-438.655,-256.581,959.454,0.000192172,19.8983
1999.48,605.86,-907.898,397.772,994.143,0.000192173,19.8989
1999.52,444.661,996.757,-290.864,966.614,0.000192174,19.8993
1999.37,-265.552,1058.64,48.1875,934.892,0.000192172,19.8978
1999.48,1086.17,-107.353,-368.349,985.81,0.000192173,19.8989
1999.5,1038.9,334.556,-14.3925,934.072,0.000192173,19.8991
1999.3,898.867,619.106,-622.158,1075.07,0.000192171,19.8972
1999.5,-496.666,971.885,32.562,934.395,0.000192173,19.8991
1999.3,610.701,904.56,-459.86,1013.54,0.000192171,19.8972
1999.96,162.797,36.2005,-178.72,2.68856,0.000192179,19.9034
1999.76,982.541,367.386,-1128.6,1297.59,0.000192176,19.9016
1999.79,569.969,930.83,-1052.73,1298.12,0.000192177,19.9018
1999.96,-151.021,66.0734,162.4,6.84459,0.000192179,19.9034
1999.71,-1051.16,293.764,1079.69,1314.06,0.000192176,19.9011
1999.32,-1089.82,-59.416,-673.652,1097.72,0.000192171,19.8973
1999.4,385.934,1020.89,308.422,970.592,0.000192172,19.8981
1999.14,398.37,1016.17,961.786,1245.27,0.000192169,19.8957
1999.26,-754.118,789.085,-974.006,1252.24,0.000192171,19.8969
1999.14,-307.845,-1047.11,489.113,1023.53,0.000192169,19.8957
1999.51,512.606,963.639,-355.063,982.192,0.000192173,19.8991
1999.91,109.173,-190.652,-342.293,8.73793,0.000192178,19.903
1999.79,385.288,-551.253,-1050.42,849.847,0.000192177,19.9019
1999.4,-1017.73,-394.277,-38.6517,934.569,0.000192172,19.8982
1999.51,-1064.01,243.361,-270.58,962.251,0.000192174,19.8992
1999.79,682.211,590.807,-1099.05,1141.3,0.000192177,19.9019
1999.79,710.594,828.464,-1071.79,1309.54,0.000192177,19.9018
1999.43,-691.503,-844.461,224.478,953.533,0.000192173,19.8984
1999.33,647.409,-878.685,-50.5195,934.987,0.000192171,19.8974
1999.5,-277.783,-1055.54,401.251,995.175,0.000192173,19.8991
1999.19,942.307,550.816,837.717,1177.73,0.00019217,19.8961
1999.84,338.113,-98.4839,-783.864,5.32043,0.000192177,19.9023
1999.84,345.34,-99.8714,-800.23,16.328,0.000192177,19.9023
1999.81,435.557,-114.786,-1003.6,238.162,0.000192177,19.9021
1999.92,-149.618,-186.298,-407.732,7.81042,0.000192178,19.903
1999.82,-341.462,-500.427,-1036.04,734.139,0.000192177,19.9021
1999.25,-284.968,1053.56,80.8653,936.547,0.000192171,19.8967
1999.55,813.286,-361.623,1097.26,1129.93,0.000192174,19.8995
1999.46,-566.798,-932.786,119.839,939.614,0.000192173,19.8987
1999.52,-1039.21,-333.501,189.485,947.976,0.000192174,19.8993
1999.38,-937.819,-558.432,658.658,1091.03,0.000192172,19.898
1999.49,-1073.44,-197.228,-493.564,1025.09,0.000192173,19.899
1999.46,843.491,-692.646,38.0967,934.561,0.000192173,19.8987
1998.89,-808.843,-732.901,199.313,949.436,0.000192166,19.8934
1999.95,-47.457,-197.036,-293.211,4.76289,0.000192179,19.9033
1999.79,-99.5209,-725.683,-1063.03,936.542,0.000192177,19.9019
1999.46,464.34,-987.737,239.919,956.306,0.000192173,19.8987
1999.95,86.6973,-137.677,162.379,3.88916,0.000192179,19.9034
1999.78,705.708,-832.61,1093.93,1319.67,0.000192177,19.9018
1998.39,-930.877,-569.844,568.701,1053.25,0.000192161,19.8886
1999.96,-152.42,-59.6918,-162.369,5.28886,0.000192179,19.9035
1999.79,-950.682,-536.218,-1087.15,1316.95,0.000192177,19.9019
1999.95,125.832,-134.361,227.823,6.53114,0.000192179,19.9034
1999.8,675.087,-567.39,1095.45,1120.6,0.000192177,19.9019
1999.2,285.642,1053.38,-627.649,1077.59,0.00019217,19.8962
1999.52,-922.331,-583.544,-60.5661,935.41,0.000192174,19.8993
1999.41,-1090.44,46.3446,457.909,1012.91,0.000192172,19.8982
1999.76,472.52,828.876,-1109.82,1198.31,0.000192176,19.9015
1999.25,493.534,973.466,574.552,1055.66,0.000192171,19.8968
1999.51,1087.82,-88.3901,-307.345,970.382,0.000192174,19.8992
1999.93,49.1266,211.456,-342.263,3.97323,0.000192178,19.9032
1999.81,91.9454,657.123,-1048.64,835.217,0.000192177,19.902
1999.37,-1053.02,286.99,601.556,1066.51,0.000192172,19.8978
1999.42,444.607,-996.798,617.765,1073.34,0.000192172,19.8983
1999.19,-1017.9,393.859,-909.248,1216.08,0.00019217,19.8962
1999.29,-28.5301,1091.09,-667.392,1094.92,0.000192171,19.8971
1999.34,-1051,294.41,-1000.62,1267.71,0.000192172,19.8976
1999.53,-1059.44,262.216,95.4235,937.556,0.000192174,19.8993
1999.96,136.462,-119.47,227.769,2.29928,0.000192179,19.9034
1999.79,714.824,-489.632,1091.85,1101.22,0.000192177,19.9018
1999.36,721.355,-819.048,-457.984,1013.04,0.000192172,19.8978
1999.49,-1078.65,166.392,255.154,959.216,0.000192173,19.899
1999.96,64.9655,-158.667,-195.134,2.20712,0.000192179,19.9035
1999.8,484.808,-847.024,-1115.28,1221.78,0.000192177,19.902
1999.9,-57.503,253.706,-489.484,0.330562,0.000192178,19.9029
1999.9,-59.9301,262.03,-505.79,8.51566,0.000192178,19.9028
1999.83,-153.768,520.586,-1023.44,592.272,0.000192177,19.9022
1999.17,-1074.98,-189.113,-633.871,1080.22,0.00019217,19.896
1999.78,671.166,760.788,1122.46,1263.1,0.000192177,19.9017
1999.37,1077.81,171.806,629.982,1078.31,0.000192172,19.8979
1999.41,-454.21,992.481,213.704,951.723,0.000192172,19.8982
1999.94,108.804,-167.076,276.878,7.53852,0.000192179,19.9033
1999.82,484.142,-596.685,1070.28,984.296,0.000192177,19.9021
1999.94,54.0994,-204.602,325.954,3.02089,0.000192178,19.9032
1999.82,234.515,-640.032,1052.24,863.078,0.000192177,19.9021
1999.87,205.549,-1.08765,-309.568,1.05871,0.000192178,19.9026
1999.75,695.498,63.073,-1055.81,888.526,0.000192176,19.9015
1999.73,985.875,315.331,-1127.86,1283.18,0.000192176,19.9013
1999.94,-65.5553,-173.189,244.147,0.367893,0.000192178,19.9032
1999.81,-201.781,-791.793,1081.01,1042.85,0.000192177,19.902
1999.45,1091.46,-6.33513,321.919,973.814,0.000192173,19.8986
1999.31,-1060.39,258.478,172.805,945.641,0.000192171,19.8973
1999.91,-174.36,-66.237,-244.19,2.51356,0.000192178,19.903
1999.77,-732.941,-377.46,-1082.85,1052.26,0.000192177,19.9016
1999.34,1023.07,-380.199,810.443,1163.49,0.000192172,19.8976
1999.47,940.781,-553.391,-365.979,985.142,0.000192173,19.8988
1999.47,770.361,-773.242,115.465,939.18,0.000192173,19.8988
1999.44,303.644,-1048.38,146.619,942.368,0.000192173,19.8986
1999.95,153.636,-98.1229,-227.784,3.75774,0.000192179,19.9034
1999.82,783.806,-378.633,-1091.42,1105.78,0.000192177,19.9021
1999.47,886.142,637.18,237.635,955.87,0.000192173,19.8988
1999.58,-592.624,-916.598,1118.46,1330.71,0.000192174,19.8998
1999.39,73.945,1088.95,477.189,1019.41,0.000192172,19.8981
1999.95,176.491,31.0448,211.47,6.53058,0.000192179,19.9033
1999.78,892.364,275.623,1106.24,1178.35,0.000192177,19.9018
1999,61.596,-1089.75,431.44,1004.43,0.000192168,19.8944
1999.3,1043.56,-319.712,-543.158,1043.35,0.000192171,19.8972
1999.26,-973.19,-494.2,637.72,1081.8,0.000192171,19.8968
1999.51,198.83,1073.16,75.4704,936.223,0.000192174,19.8992
1999.94,33.5186,183.171,244.184,2.02186,0.000192179,19.9033
1999.81,55.9743,821.195,1082.87,1050.64,0.000192177,19.9021
1999.95,193.818,46.5135,276.844,7.48011,0.000192179,19.9033
1999.78,724.154,256.436,1070.23,984.128,0.000192177,19.9017
1999.79,-370.972,-588.168,1055.86,884.392,0.000192177,19.9018
1999.45,460.91,989.313,92.7542,937.409,0.000192173,19.8986
1999.54,376.651,-1024.36,-95.1093,937.506,0.000192174,19.8995
1999.55,-1090.97,33.7605,312.491,971.519,0.000192174,19.8996
1999.43,-256.007,1061.01,280.458,964.35,0.000192173,19.8984
1999.34,680.693,-853.245,726.515,1122.13,0.000192172,19.8975
1999.94,3.03156,196.306,276.906,2.30338,0.000192178,19.9032
1999.8,-66.6947,752.272,1068.42,966.391,0.000192177,19.902
1999.79,526.579,523.72,-1064.86,950.694,0.000192177,19.9019
1999.41,-53.0093,-1090.14,245.79,957.405,0.000192172,19.8982
1999.9,220.996,-149.004,505.857,3.30862,0.000192178,19.9029
1999.82,463.269,-272.08,1021.66,578.982,0.000192177,19.9021
1999.78,-897.917,-450.234,1120.64,1253.75,0.000192177,19.9018
1999.44,-538.483,949.33,-252.028,958.629,0.000192173,19.8985
1999.81,29.5098,-239.024,424.065,1.73472,0.000192177,19.902
1999.72,115.035,-573.507,1032.4,693.031,0.000192176,19.9011
1999.4,-1048.76,302.126,96.6686,937.659,0.000192172,19.8982
1999.37,-1089.45,66.5874,731.162,1124.35,0.000192172,19.8978
1999.95,178.396,-25.3378,227.83,0.322023,0.000192179,19.9033
1999.78,859.093,-20.2305,1090.03,1092.13,0.000192177,19.9017
1999.94,191.122,-60.8145,-293.241,1.02707,0.000192178,19.9032
1999.81,708.192,-149.88,-1061.2,923.84,0.000192177,19.902
1999.19,-1037.11,-340.229,-836.62,1177.03,0.00019217,19.8962
1999.5,-691.04,-844.883,112.996,938.998,0.000192173,19.8991
1999.79,-211.479,-58.51,-342.265,8.27161,0.000192177,19.9018
1999.57,-628.828,-236.562,-1050.46,848.646,0.000192174,19.8998
1999.88,243.834,-0.913934,-424.038,7.76616,0.000192178,19.9026
1999.77,591.937,42.523,-1034.2,709.509,0.000192177,19.9016
1999.94,-165.579,-125.155,309.583,4.64111,0.000192178,19.9032
1999.82,-520.105,-478.089,1057.6,900.66,0.000192177,19.9021
1997.83,845.493,690.248,883.19,1201.81,0.000192154,19.8832
1998.55,-296.388,-1050.45,-642.072,1083.82,0.000192162,19.8901
1998.78,18.4892,-1091.33,464.673,1015.22,0.000192165,19.8922
1999.91,177.071,147.976,391.381,1.50743,0.000192178,19.903
1999.81,435.589,427.865,1037.8,743.816,0.000192177,19.9021
1999.72,771.551,245.215,-1079.28,1034.99,0.000192176,19.9012
1999.77,228.502,1067.29,1121.63,1332.58,0.000192177,19.9016
1999.37,1012.07,-408.616,-17.3902,934.117,0.000192172,19.8978
1998.59,-1084.11,126.357,-887.392,1203.98,0.000192163,19.8905
1999.51,-323.146,1042.54,-275.826,963.376,0.000192174,19.8992
1999.42,-947.79,541.322,-399.229,994.564,0.000192173,19.8984
1999.36,475.092,-982.634,-282.598,964.803,0.000192172,19.8978
1999.93,-184.496,87.8482,293.202,7.67464,0.000192178,19.9032
1999.82,-696.491,249.479,1064.82,947.15,0.000192177,19.9021
1999.48,1089.54,64.0278,84.5127,936.759,0.000192173,19.8989
1999.47,1082.2,141.73,-596.847,1064.6,0.000192173,19.8988
1998.84,-291.807,-1051.73,-962.937,1246.04,0.000192166,19.8928
1999.39,767.515,776.029,-221.871,953.059,0.000192172,19.8981
1999.41,-154.768,-1080.4,746.021,1131.64,0.000192172,19.8982
1999.36,-33.9213,1090.89,-80.7051,936.528,0.000192172,19.8978
1999.91,161.213,181.997,-424.066,6.33344,0.000192178,19.903
1999.82,357.15,469.612,-1031.15,702.51,0.000192177,19.9022
1999.83,288.41,210.308,-800.148,4.88722,0.000192177,19.9022
1999.83,293.881,215.156,-816.512,15.3735,0.000192177,19.9022
1999.8,355.099,272.033,-1003.61,218.455,0.000192177,19.902
1999.4,1041.41,-326.66,-27.8816,934.285,0.000192172,19.8981
1999.39,-1054.75,-280.625,481.251,1020.82,0.000192172,19.8981
1999.33,-1014.07,-403.718,-732.637,1125.11,0.000192171,19.8975
1999.29,-683.797,-850.724,-710.808,1114.9,0.000192171,19.8971
1999.37,-348.608,1034.33,-680.982,1100.7,0.000192172,19.8978
1999.18,-669.862,-861.692,-48.3176,934.908,0.00019217,19.8961
1999.1,47.9461,1090.42,586.901,1060.53,0.000192169,19.8953
1999.76,-57.5315,1089.97,1029.82,1284.55,0.000192176,19.9016
1999.49,-1074,-194.284,-55.3617,935.21,0.000192173,19.899
1999.46,1088.28,-82.7481,6.70545,934.004,0.000192173,19.8987
1999.42,1090.69,41.2108,534.274,1039.99,0.000192173,19.8984
1999.88,-295.369,29.1605,603.907,4.19169,0.000192178,19.9027
1999.88,-303.424,29.3574,620.293,15.2475,0.000192178,19.9027
1999.82,-495.883,24.7262,1011.92,451.306,0.000192177,19.9021
1999.4,-147.125,-1081.46,626.51,1077.1,0.000192172,19.8982
1999.51,1019.49,389.872,496.656,1026.19,0.000192174,19.8992
1999.49,-733.08,808.599,-170.527,945.34,0.000192173,19.899
1999.42,-623.977,-895.489,541.338,1042.66,0.000192173,19.8983
1999.89,-230.868,-133.76,-505.814,3.95768,0.000192178,19.9028
1999.82,-447.8,-298.208,-1021.66,580.504,0.000192177,19.9021
1999.45,-800.937,-741.423,344.97,979.57,0.000192173,19.8986
1999.32,-580.484,924.312,274.681,963.117,0.000192171,19.8974
1999.43,-381.604,-1022.59,-587.892,1060.98,0.000192173,19.8984
1999.79,389.262,-1019.72,1119.74,1331.39,0.000192177,19.9019
1999.42,-1091.02,-30.0814,-239.706,956.266,0.000192172,19.8983
1999.27,-561.561,-935.899,908.648,1215.63,0.000192171,19.8969
1999.54,-1075.02,188.522,456.455,1012.52,0.000192174,19.8994
1999.41,-92.4616,1087.49,424.809,1002.28,0.000192172,19.8982
1999.96,8.52395,-168.769,178.742,5.8595,0.000192179,19.9034
1999.78,202.351,-1046.59,1132.44,1317.06,0.000192177,19.9017
1999.28,-571.146,-930.09,-672.383,1097.19,0.000192171,19.897
1999.21,1065.22,-238.001,120.746,939.695,0.00019217,19.8964
1999.35,-432.609,-1002.05,785.024,1150.87,0.000192172,19.8977
1999.46,-181.34,1076.28,645.602,1085.39,0.000192173,19.8987
1998.82,721.908,818.596,-463.236,1014.78,0.000192166,19.8927
1998.38,-899.539,-618.117,-949.072,1238.3,0.00019216,19.8884
1998.57,-1070.35,-213.712,-662.016,1092.42,0.000192163,19.8903
1998.66,1075.49,-185.763,-425.387,1002.45,0.000192164,19.8911
1999.34,542.366,-947.138,-43.7352,934.728,0.000192172,19.8976
1999.75,816.21,709.666,1136.83,1333.96,0.000192176,19.9015
1999.93,134.742,-162.203,-325.968,1.6033,0.000192178,19.9031
1999.8,479.886,-479.807,-1052.28,858.954,0.000192177,19.902
1999.43,-180.318,-1076.41,194.597,948.754,0.000192173,19.8985
1998.85,-401.116,1015.11,-582.954,1058.85,0.000192166,19.8929
1999.42,1091.4,-7.33225,574.337,1055.55,0.000192172,19.8983
1999.32,1055.1,279.462,-435.307,1005.58,0.000192171,19.8974
1999.38,-891.34,-629.988,-392.579,992.61,0.000192172,19.8979
1999.48,-446.143,996.064,86.9466,936.95,0.000192173,19.8989
1999.38,932.19,-567.634,88.827,937.074,0.000192172,19.898
1999.48,1041.76,-325.616,-149.12,942.641,0.000192173,19.8989
1999.55,921.959,-584.155,167.274,944.902,0.000192174,19.8995
1999.7,-813.491,727.658,1077.7,1313.04,0.000192176,19.901
1999.51,-873.986,-653.842,-113.898,939.056,0.000192174,19.8992
1999.42,-264.576,-1058.94,-526.54,1037.16,0.000192173,19.8984
1999.45,-1090.47,46.154,-320.95,973.575,0.000192173,19.8986
1999.42,-1085.92,109.51,247.384,957.704,0.000192173,19.8984
1999.92,72.5859,-185.062,276.889,6.52468,0.000192178,19.9031
1999.75,352.401,-680.198,1070.27,981.237,0.000192176,19.9015
1999.68,576.841,921.427,-1138.66,1339.52,0.000192176,19.9008
1999.31,724.091,816.637,653.497,1088.74,0.000192171,19.8973
1999.9,-148.437,215.583,489.444,3.77617,0.000192178,19.9029
1999.82,-338.383,428.95,1023.48,602.604,0.000192177,19.9022
1999.27,-1053.93,283.531,-258.838,959.896,0.000192171,19.8969
1999.78,900.479,84.5659,1097.85,1142.31,0.000192177,19.9017
1999.46,288.67,-1052.56,67.5314,935.776,0.000192173,19.8987
1998.74,764.73,-778.718,701.634,1110.48,0.000192165,19.8919
1999.52,467.883,986.131,109.194,938.676,0.000192174,19.8992
1999.52,-1091.43,7.30194,-285.562,965.463,0.000192174,19.8993
1999.22,749.448,-793.522,682.593,1101.8,0.00019217,19.8965
1999.42,961.206,517.152,793.535,1154.91,0.000192173,19.8983
1997.82,-406.155,1013.05,295.65,967.732,0.000192154,19.8831
1999.41,544.823,945.785,125.309,940.063,0.000192172,19.8982
1999.25,29.6445,1091.04,-595.81,1064.13,0.000192171,19.8967
1999.95,-100.502,139.152,-195.132,2.50905,0.000192179,19.9034
1999.73,-670.467,710.817,-1115.23,1223.06,0.000192176,19.9013
1999.38,-217.752,1069.51,-620.672,1074.66,0.000192172,19.898
1999.96,-130.688,99.8754,-162.369,6.3888,0.000192179,19.9035
1999.8,-951.308,535.144,-1082.12,1315.04,0.000192177,19.9019
1999.79,295.112,-849.593,1099.06,1138.77,0.000192177,19.9019
1999.38,920.344,586.717,644.727,1084.85,0.000192172,19.898
1999.34,-204.674,-1072.08,29.124,934.323,0.000192172,19.8976
1999.53,515.285,-962.141,40.8022,934.629,0.000192174,19.8993
1999.4,-1073.2,-198.994,525.49,1036.68,0.000192172,19.8982
1999.51,480.881,979.808,-509.058,1030.66,0.000192174,19.8992
1998.63,41.2967,1090.69,614.586,1072.01,0.000192163,19.8909
1999.53,-1045.71,312.591,46.9763,934.834,0.000192174,19.8994
1998.36,10.9322,1091.4,942.394,1234.3,0.00019216,19.8883
1999.95,-45.1348,-154.235,162.388,1.06091,0.000192179,19.9033
1999.76,-155.21,-1080.37,1107.98,1325.36,0.000192176,19.9015
1999.35,-1073.65,196.596,854.961,1186.8,0.000192172,19.8977
1999.94,88.8673,174.805,276.886,1.9278,0.000192178,19.9033
1999.75,270.253,704.475,1068.48,965.336,0.000192176,19.9015
1999.3,-1012.92,406.534,-802.943,1159.67,0.000192171,19.8972
1999.96,-122.274,-126.89,211.478,1.92025,0.000192179,19.9034
1999.82,-547.649,-730.49,1099.84,1152.43,0.000192177,19.9021
1999.4,525.877,-956.408,670.329,1096.14,0.000192172,19.8981
1999.45,-213.09,1070.41,-399.039,994.502,0.000192173,19.8986
1999.49,-1090.65,41.5387,42.351,934.694,0.000192173,19.899
1999.75,744.326,702.463,1122.9,1270.65,0.000192176,19.9014
1999.32,688.555,846.886,-900.636,1211.21,0.000192171,19.8973
1999.89,-81.8397,243.321,-473.122,3.63967,0.000192178,19.9028
1999.8,-211.811,513.386,-1025.25,625.126,0.000192177,19.9019
1999.51,470.707,-984.775,122.215,939.838,0.000192174,19.8992
1999.39,-1059.71,261.476,-432.544,1004.77,0.000192172,19.898
1999.47,657.263,871.346,33.8283,934.429,0.000192173,19.8988
1999.42,939.296,555.838,-649.462,1087.05,0.000192172,19.8983
1999.88,-69.7274,-201.388,-325.958,5.71595,0.000192178,19.9027
1999.77,-163.415,-667.755,-1054.01,872.417,0.000192177,19.9017
1999.53,579.013,-925.182,60.4265,935.417,0.000192174,19.8994
1999.37,-1091.04,30.056,594.078,1063.48,0.000192172,19.8979
1999.95,145.773,133.768,276.868,4.95024,0.000192179,19.9033
1999.79,505.066,571.439,1070.25,976.619,0.000192177,19.9019
1999.77,601.257,910.939,1015.1,1275.92,0.000192176,19.9016
1999.52,-1073.92,195.072,-202.791,949.984,0.000192174,19.8993
1999.38,-483.763,978.361,-516.917,1033.49,0.000192172,19.898
1999.46,1050.07,-297.541,305.515,969.909,0.000192173,19.8987
1999.79,-705.229,833.027,1019.18,1278.29,0.000192177,19.9019
1999.29,855.429,-677.927,433.462,1004.99,0.000192171,19.8971
1999.32,189.873,-1074.84,-752.155,1134.58,0.000192171,19.8974
1999.89,62.9903,-255.912,-489.468,7.54839,0.000192178,19.9028
1999.82,166.291,-525.241,-1025.27,613.117,0.000192177,19.9021
1999.51,208.619,1071.32,-16.3091,934.097,0.000192174,19.8992
1999.46,-621.547,-897.174,292.422,966.954,0.000192173,19.8987
1999.46,-1071.72,206.773,397.453,994.049,0.000192173,19.8987
1999.95,97.1907,-150.789,-211.463,6.83883,0.000192179,19.9033
1999.78,601.4,-716.408,-1106.23,1179.78,0.000192177,19.9017
1999.4,470.313,984.975,874.783,1197.41,0.000192172,19.8982
1999.41,-471.455,-984.379,-156.846,943.566,0.000192172,19.8982
1999.48,1088.74,-77.2553,361.684,983.956,0.000192173,19.8989
1999.48,1032.09,354.955,-81.8785,936.609,0.000192173,19.8989
1999.5,-1052.51,288.851,-70.8497,935.94,0.000192173,19.8991
1999.8,308.831,-155.427,767.484,1.84915,0.000192177,19.9019
1999.79,315.687,-158.118,783.808,9.43203,0.000192177,19.9019
1999.76,408.975,-191.781,1003.65,245.943,0.000192176,19.9016
1999.95,-33.3565,-171.922,211.466,0.235515,0.000192179,19.9033
1999.79,-62.0331,-906.352,1100.87,1147.6,0.000192177,19.9019
1999.82,-608.293,-479.477,1072.07,991.714,0.000192177,19.9021
1999.45,352.642,1032.93,142.362,941.897,0.000192173,19.8986
1999.45,-607.238,-906.98,205.249,950.396,0.000192173,19.8986
1999.95,-95.5189,-137.128,178.767,3.12452,0.000192179,19.9034
1999.77,-475.812,-939.037,1131.45,1302.95,0.000192177,19.9017
1999.88,198.398,103.002,358.6,6.7937,0.000192178,19.9027
1999.78,548.506,347.742,1044.37,812.344,0.000192177,19.9018
1999.07,773.23,-770.365,387.274,990.962,0.000192168,19.895
1999.43,-201.874,1072.61,380.017,989.026,0.000192173,19.8984
1999.37,-820.414,-719.833,-764.738,1140.78,0.000192172,19.8978
1999.51,791.188,751.803,521.973,1035.32,0.000192174,19.8992
1999.94,-191.847,-12.529,260.537,3.82229,0.000192179,19.9033
1999.81,-779.688,-136.563,1075.68,1012.53,0.000192177,19.902
1999.22,1008.1,-418.418,-583.566,1059.16,0.00019217,19.8965
1999.48,221.616,-1068.74,-364.296,984.712,0.000192173,19.8989
1999.8,-669.486,-523.931,1088.21,1083.05,0.000192177,19.9019
1999.42,535.066,951.326,-60.5628,935.434,0.000192172,19.8983
1999.32,-577.973,-925.833,342.807,978.991,0.000192171,19.8973
1999.37,287.113,1053,-12.9205,934.053,0.000192172,19.8979
1999.05,-58.4213,1089.87,-950.303,1238.66,0.000192168,19.8948
1999.9,-112.525,133.858,195.106,7.3448,0.000192178,19.9029
1999.72,-737.411,672.384,1118.07,1246.75,0.000192176,19.9012
1998.86,-171.976,1077.79,-420.917,1001.13,0.000192166,19.893
1999.35,792.395,-750.554,-244.037,957.068,0.000192172,19.8977
1999.93,-236.045,-8.60701,407.677,2.47441,0.000192178,19.9031
1999.77,-593.931,-67.9737,1034.22,719.143,0.000192177,19.9016
1999.18,-265.417,-1058.68,415.342,999.38,0.00019217,19.896
1999.51,-951.034,535.487,-487.497,1022.99,0.000192174,19.8992
1999.38,187.936,-1075.15,413.026,998.641,0.000192172,19.8979
1999.25,910.324,602.132,235.326,955.489,0.000192171,19.8967
1999.91,-75.9102,239.663,-456.74,2.97237,0.000192178,19.9029
1999.83,-207.379,524.743,-1027.08,646.654,0.000192177,19.9022
1999.87,-266.777,17.9431,505.849,5.11813,0.000192178,19.9026
1999.8,-538.989,2.44103,1021.53,582.926,0.000192177,19.9019
1999.48,-696.492,840.281,218.191,952.466,0.000192173,19.8989
1999.5,-771.367,-772.134,-347.119,980.105,0.000192173,19.8991
1999.86,337.513,-74.1993,-767.463,1.4726,0.000192178,19.9025
1999.86,344.819,-75.1153,-783.794,8.67019,0.000192178,19.9025
1999.58,443.434,-84.7515,-1003.61,244.757,0.000192174,19.8999
1999.42,73.9917,-1088.98,-713.688,1116.11,0.000192172,19.8983
1999.18,-205.165,-1072.03,212.05,951.495,0.00019217,19.896
1999.39,639.272,884.701,524.264,1036.22,0.000192172,19.898
1999.38,628.386,-892.459,314.764,972.061,0.000192172,19.8979
1999.36,-267.299,1058.26,-463.387,1014.73,0.000192172,19.8978
1999.02,-934.847,-563.247,425.798,1002.62,0.000192168,19.8946
1999.43,425.758,1005.02,-399.709,994.703,0.000192173,19.8984
1999.3,194.615,-1073.96,716.942,1117.62,0.000192171,19.8972
1999.51,1088.01,87.0959,207.127,950.698,0.000192174,19.8992
1999.76,1063.68,244.567,1007.88,1271.74,0.000192176,19.9015
1999.36,-1086.8,100.993,-213.275,951.637,0.000192172,19.8978
1999.91,-205.596,-79.3191,358.676,0.703029,0.000192178,19.9029
1999.77,-574.485,-280.364,1043.26,795.36,0.000192177,19.9017
1999.43,-542.059,-947.301,71.4936,935.989,0.000192173,19.8984
1999.27,-559.317,-937.278,685.459,1103.07,0.000192171,19.8969
1999.41,655.156,-872.955,564.89,1051.81,0.000192172,19.8982
1999.8,-178.79,-1076.74,1011.94,1274.05,0.000192177,19.9019
1999.42,-834.161,703.876,-907.068,1214.82,0.000192172,19.8983
1999,-943.195,549.207,7.82222,934.02,0.000192168,19.8943
1999.94,184.671,43.76,-244.183,7.82235,0.000192179,19.9033
1999.74,791.489,285.532,-1086.44,1074.26,0.000192176,19.9013
1999.48,-1088.54,-79.1021,350.967,981.108,0.000192173,19.8989
1999.51,1088.18,-84.3709,11.1486,934.04,0.000192174,19.8992
1999.95,151.074,-72.8841,-178.776,4.01305,0.000192179,19.9033
1999.76,1006.25,-322.383,-1131.44,1307.02,0.000192176,19.9016
1999.6,1073.63,196.503,-1018.35,1277.72,0.000192175,19.9
1999.74,150.131,1021.01,1125.89,1279.39,0.000192176,19.9014
1999.95,23.3838,195.871,276.845,3.97897,0.000192179,19.9034
1999.79,11.2665,758.714,1068.43,971.277,0.000192177,19.9018
1999.93,198.171,23.9776,276.905,7.90548,0.000192178,19.9032
1999.79,749.164,171.099,1069.39,984.294,0.000192177,19.9018
1999.92,-151.124,182.053,-407.685,3.26437,0.000192178,19.903
1999.83,-416.728,429.536,-1033.66,720.371,0.000192177,19.9022
1999.4,-507.598,-966.219,743.998,1130.39,0.000192172,19.8981
1999.87,-172.064,231.02,-571.217,6.87145,0.000192178,19.9026
1999.8,-327.043,393.445,-1016.22,501.093,0.000192177,19.9019
1999.41,1036.54,341.994,-199.558,949.489,0.000192172,19.8983
1998.77,857.871,674.727,-519.933,1034.56,0.000192165,19.8922
1999.86,7.64525,-299.946,620.274,0.176738,0.000192178,19.9025
1999.86,8.44927,-307.838,636.663,7.01457,0.000192178,19.9025
1999.8,35.0705,-486.719,1010.34,417.515,0.000192177,19.902
1999.01,413.373,1010.14,373.757,987.295,0.000192168,19.8944
1999.18,1087.63,-91.7542,-608.239,1069.29,0.00019217,19.8961
1999.9,-129.938,-193.983,391.32,6.8782,0.000192178,19.9029
1999.8,-301.758,-540.24,1039.67,758.976,0.000192177,19.9019
1999.32,-69.858,-1089.17,436.268,1005.87,0.000192171,19.8974
1999.46,-290.348,-1052.07,-106.933,938.476,0.000192173,19.8987
1999.3,-533.737,-952.06,-980.587,1256.17,0.000192171,19.8972
1999.76,221.005,-1068.85,1047.25,1294.87,0.000192176,19.9016
1999.22,169.025,1078.3,942.461,1234.17,0.00019217,19.8964
1999.8,932.957,566.535,-1116.15,1329.34,0.000192177,19.9019
1999.31,661.19,868.386,-619.939,1074.17,0.000192171,19.8972
1999.44,612.16,903.645,710.477,1114.61,0.000192173,19.8985
1999.78,825.125,-714.43,1113.91,1327.91,0.000192177,19.9017
1999.49,549.733,-942.895,162.597,944.303,0.000192173,19.899
1999.94,-92.3088,-163.552,-244.173,4.63547,0.000192178,19.9032
1999.74,-323.95,-765.667,-1084.62,1061.46,0.000192176,19.9013
1999.82,180.72,-39.8433,-244.191,0.112683,0.000192177,19.9021
1999.67,812.142,-85.4017,-1081.01,1042.13,0.000192175,19.9007
1999.44,221.479,-1068.75,283.583,965.03,0.000192173,19.8985
1999.4,1091.18,25.3558,214.759,951.904,0.000192172,19.8981
1999.88,-227.775,-148.979,-522.161,4.76559,0.000192178,19.9027
1999.82,-425.706,-316.54,-1019.55,559.659,0.000192177,19.9021
1999.29,-745.849,-796.793,-392.251,992.537,0.000192171,19.8971
1999.85,307.221,69.763,669.382,0.125626,0.000192177,19.9024
1999.85,314.571,72.0712,685.713,6.57603,0.000192177,19.9024
1999.79,458.055,123.572,1009.04,358.746,0.000192177,19.9018
1999.47,967.246,-505.69,-407.791,997.151,0.000192173,19.8988
1999.52,-1084.85,119.519,-96.4425,937.613,0.000192174,19.8993
1998.6,-499.931,-970.19,-249.761,958.175,0.000192163,19.8906
1999.43,-1091.1,-27.8647,-508.149,1030.26,0.000192173,19.8985
1999.55,1090.04,55.6364,280.98,964.467,0.000192174,19.8996
0.0579695,764.217,271.466,1051.4,1845.82,0.0319021,inf
0.0579695,752.386,279.143,1078.89,1845.82,0.0319021,inf
1998.94,823.902,715.865,782.357,1149.36,0.000192167,19.8938
1999.45,1046.55,309.965,582.322,1058.7,0.000192173,19.8986
1999.96,-131.651,-109.11,195.127,1.51634,0.000192179,19.9034
1999.78,-660.928,-712.187,1113.45,1216.47,0.000192177,19.9018
1999.37,-982.106,-476.132,743.047,1130.05,0.000192172,19.8978
1999.4,-697.684,839.318,-61.273,935.448,0.000192172,19.8981
1999.44,716.098,-823.637,391.37,992.289,0.000192173,19.8986
1999.47,-1071.44,207.821,100.343,937.913,0.000192173,19.8988
1999.94,141.139,-134.554,276.88,0.035419,0.000192178,19.9032
1999.6,592.188,-458.205,1066.65,957.321,0.000192175,19.9
1999.44,-569.884,930.889,612.025,1070.98,0.000192173,19.8985
1999.35,-371.129,-1026.46,772.399,1144.17,0.000192172,19.8977
1999.46,1049.12,300.855,-106.809,938.468,0.000192173,19.8987
1999.47,1026.61,-370.622,-536.156,1040.71,0.000192173,19.8988
1999.54,93.7718,1087.37,97.2982,937.705,0.000192174,19.8995
1999.72,-367.771,875.744,-1109.85,1194.86,0.000192176,19.9012
1999.54,426.999,1004.45,167.408,944.914,0.000192174,19.8995
1999.49,-268.082,-1058.01,101.497,938.01,0.000192173,19.899
1999.94,138.823,130.155,260.548,0.509329,0.000192178,19.9032
1999.78,509.57,592.978,1073.88,999.771,0.000192177,19.9017
1999.92,-193.622,-16.2418,260.488,7.28396,0.000192178,19.9031
1999.79,-786.063,-153.255,1077.43,1025.31,0.000192177,19.9018
1999.19,1086.14,107.999,310.922,971.178,0.00019217,19.8962
1999.36,-531.162,953.487,-157.144,943.638,0.000192172,19.8978
1999.33,-1049.44,300.058,-553.267,1047.34,0.000192172,19.8975
1999.31,650.736,-876.27,366.436,985.27,0.000192171,19.8973
1999.44,-873.507,654.417,-565.287,1051.98,0.000192173,19.8985
1999.93,-168.257,-20.2516,178.725,6.58251,0.000192178,19.9031
1999.74,-1035.29,-275.934,1135.08,1323.83,0.000192176,19.9014
1999.53,248.993,-1062.68,-224.003,953.467,0.000192174,19.8994
1999.39,715.78,-824.007,-708.866,1113.84,0.000192172,19.8981
1999.5,496.616,-971.9,-59.9765,935.395,0.000192173,19.8991
1999.55,863.581,667.493,215.759,952.027,0.000192174,19.8996
1998.96,646.749,-879.216,-960.945,1244.71,0.000192167,19.8939
1998.55,92.8708,1087.48,-35.0524,934.479,0.000192163,19.8901
1998.99,-240.357,1064.7,-936.244,1230.92,0.000192168,19.8942
1999.53,-871.951,656.548,117.893,939.451,0.000192174,19.8994
1999.46,-5.22887,1091.48,-356.493,982.586,0.000192173,19.8987
1999.79,-797.217,-275.737,1086.45,1076.32,0.000192177,19.9019
1999.54,1010.05,-413.515,75.4999,936.217,0.000192174,19.8995
1999.81,10.3465,-747.829,1066.68,956.485,0.000192177,19.9021
1999.43,1091.03,30.5961,-227.626,954.1,0.000192173,19.8984
1999.33,-966.707,-506.612,-460.375,1013.74,0.000192171,19.8975
1999.3,-933.844,564.956,-829.691,1173.38,0.000192171,19.8972
1999.73,-28.9028,161.338,-162.4,5.54435,0.000192176,19.9012
1999.2,-340.715,1036.94,-1085.74,1316.34,0.00019217,19.8962
1999.08,-320.248,-1043.4,24.1784,934.206,0.000192169,19.8951
1999.72,-837.97,699.315,1005.18,1270.09,0.000192176,19.9012
1999.77,-252.377,737.397,-1073.81,997.206,0.000192177,19.9017
1998.9,-1000.17,436.864,-605.061,1068.03,0.000192167,19.8934
1999.52,1087.45,92.886,-93.1767,937.393,0.000192174,19.8993
1999.43,39.6423,-1090.71,-63.6071,935.565,0.000192173,19.8984
1999.44,-1052.09,-290.374,-383.529,990.02,0.000192173,19.8985
1999.5,448.31,995.181,-393.867,992.931,0.000192173,19.8991
1999.27,-759.475,-783.837,-74.0827,936.136,0.000192171,19.8969
1999.42,-786.87,756.356,-543.54,1043.45,0.000192172,19.8983
1999.88,31.3892,264.681,-505.861,3.30451,0.000192178,19.9027
1999.81,30.0004,536.468,-1021.62,579.009,0.000192177,19.902
1999.94,-160.239,-119.869,-293.247,0.219685,0.000192178,19.9032
1999.81,-532.498,-488.027,-1061.28,921.55,0.000192177,19.902
1999.25,-970.945,-498.491,-452.742,1011.25,0.000192171,19.8967
1999.48,-498.148,971.092,-391.989,992.478,0.000192173,19.8989
1999.44,1082.83,136.83,-165.716,944.676,0.000192173,19.8985
1999.34,-1091.28,-19.0406,-908.312,1215.47,0.000192172,19.8976
1999.47,-136.016,1082.99,429.764,1003.9,0.000192173,19.8988
1999.46,578.443,-925.524,-84.9328,936.815,0.000192173,19.8987
1999.15,-419.417,-1007.69,-774.387,1145.26,0.000192169,19.8957
1998.91,186.462,1075.39,722.163,1120.07,0.000192167,19.8935
1999.41,376.346,1024.5,742.618,1129.85,0.000192172,19.8982
1999.69,-993.829,-238.815,1124.23,1270.39,0.000192176,19.9009
1999.3,-495.695,972.374,-625.804,1076.75,0.000192171,19.8972
1999.32,-672.558,-859.629,-780.396,1148.31,0.000192171,19.8974
1999.34,1055.06,279.681,-656.968,1090.38,0.000192172,19.8976
1999.44,-23.4291,-1091.18,-296.811,967.959,0.000192173,19.8986
1999.36,-481.236,979.677,608.235,1069.28,0.000192172,19.8978
1998.5,-555.814,939.317,-870.295,1194.79,0.000192162,19.8896
1999.33,1091.02,-32.3396,-553.044,1047.15,0.000192172,19.8975
1999.01,-593.249,916.196,-876.062,1198,0.000192168,19.8944
1998.91,-1088.74,-77.1297,-147.149,942.459,0.000192167,19.8935
1999.26,1079.6,-160.645,-655.04,1089.45,0.000192171,19.8968
1999.53,1085.22,-116.519,-409.594,997.687,0.000192174,19.8993
1999.49,-455.262,-991.94,-385.077,990.457,0.000192173,19.899
989.355,812.46,728.821,-955.274,1255.82,0.000176804,1937.12
500.473,1013,383.053,-1016.83,2536.98,0.000165104,inf
614.573,1004.09,405.818,-807.614,3695.96,0.000168108,inf
1999.28,1014.08,-403.61,671.358,1096.69,0.000192171,19.897
1999.13,687.356,-847.796,-699.976,1109.71,0.000192169,19.8956
1999.43,313.623,1045.42,-644.008,1084.69,0.000192173,19.8984
1999.53,-840.167,696.713,-474.919,1018.73,0.000192174,19.8993
1999.49,842,-694.463,-23.5124,934.196,0.000192173,19.899
1999.35,-1090.51,46.3759,-717.669,1117.92,0.000192172,19.8977
1998.77,1086.89,99.9128,-862.627,1190.62,0.000192165,19.8922
1999.56,339.635,-1037.23,-77.6434,936.335,0.000192174,19.8997
1999.93,-205.722,-49.6663,325.926,3.0534,0.000192178,19.9032
1999.81,-644.774,-220.802,1052.28,863.063,0.000192177,19.902
1999.79,729.589,-701.985,-1122.47,1261.39,0.000192177,19.9018
1999.85,-326.599,-114.306,767.467,2.56856,0.000192177,19.9024
1999.85,-333.336,-117.384,783.874,10.8785,0.000192177,19.9024
1999.39,-422.387,-161.138,1003.67,248.148,0.000192172,19.8981
1999.92,-182.169,78.2385,-276.847,5.67635,0.000192178,19.9031
1999.8,-729.811,226.698,-1070.26,978.747,0.000192177,19.9019
1999.48,-1004.05,427.993,-588.889,1061.34,0.000192173,19.8989
1999.5,426.658,-1004.59,-41.4241,934.644,0.000192173,19.8991
1999.87,145.766,264.703,620.258,5.09495,0.000192178,19.9026
1999.82,217.076,442.056,1012.63,435.201,0.000192177,19.9021
1999.52,1088.01,-86.2871,65.6901,935.687,0.000192174,19.8993
1999.3,-563.852,-934.549,997.15,1265.68,0.000192171,19.8972
1999.93,-50.9945,-221.591,375.018,4.61729,0.000192178,19.9032
1999.82,-89.5869,-623.564,1041.48,779.071,0.000192177,19.9022
1999.48,1080.52,-153.864,385.34,990.523,0.000192173,19.8989
1999.6,839.689,-123.482,1088.22,1081.79,0.000192175,19.9
1999.93,144.442,97.8508,-195.079,6.78068,0.000192178,19.9032
1999.77,744.054,663.033,-1118.84,1245.51,0.000192176,19.9016
1999.33,-400.254,1015.39,-722.66,1120.25,0.000192171,19.8975
1999.28,-440.954,998.451,-751.971,1134.33,0.000192171,19.897
1999.33,-477.455,981.51,-958.695,1243.45,0.000192171,19.8975
1999.42,514.308,962.701,-533.134,1039.51,0.000192172,19.8983
1999.32,-125.837,-1084.14,302.09,969.096,0.000192171,19.8973
1999.42,1084.92,-119.137,-450.678,1010.6,0.000192173,19.8984
1999.9,115.063,247.267,522.148,5.98029,0.000192178,19.9029
1999.83,195.255,495.583,1021.66,564.73,0.000192177,19.9022
1999.94,-179.006,-48.126,-244.179,0.627254,0.000192179,19.9033
1999.8,-760.919,-299.357,-1081.04,1043.62,0.000192177,19.9019
1999.52,1076.02,-183.117,581.971,1058.63,0.000192174,19.8993
1998.6,-717.963,-822.027,-78.2686,936.386,0.000192163,19.8906
1999.42,-92.3139,-1087.58,580.968,1058.14,0.000192173,19.8983
1999.53,1062.62,-249,196.409,948.999,0.000192174,19.8994
1999.44,31.0212,-1091.02,-330.642,975.979,0.000192173,19.8985
1999.39,208.748,-1071.3,739.015,1128.25,0.000192172,19.898
1999.86,-273.943,-100.829,-587.58,4.36143,0.000192178,19.9025
1999.79,-462.768,-197.677,-1014.44,474.197,0.000192177,19.9019
1998.79,542.506,-947.044,-547.374,1045.04,0.000192165,19.8924
1999.43,794.896,747.926,695.116,1107.57,0.000192173,19.8984
1999.43,-548.753,943.459,-10.1613,934.033,0.000192173,19.8985
1999.34,393.224,-1018.14,673.609,1097.8,0.000192172,19.8976
1999.81,777.694,-350.312,1088.24,1085.4,0.000192177,19.902
1999.45,1060.09,259.717,-8.89427,934.011,0.000192173,19.8986
1999.81,20.5797,1091.24,1007.67,1271.61,0.000192177,19.902
1999.29,170.692,1078,454.485,1011.85,0.000192171,19.8971
1999.47,-1072.61,-202.033,219.317,952.694,0.000192173,19.8988
1999.35,-667.41,863.671,-112.339,938.922,0.000192172,19.8976
1999.77,-503.041,884.937,-1124.27,1266.96,0.000192176,19.9016
1998.23,-93.4097,1087.42,-601.805,1066.65,0.000192159,19.8871
1999.05,-480.537,-979.973,-847.434,1182.75,0.000192168,19.8948
1999.43,1033.13,351.919,602.103,1066.83,0.000192173,19.8985
1998.22,-1024.51,376.475,-121.483,939.761,0.000192159,19.8869
1999.7,53.3647,320.759,-702.08,0.436151,0.000192176,19.901
1999.7,53.9786,328.316,-718.437,6.96942,0.000192176,19.901
1999.65,60.0124,462.044,-1007.27,319.913,0.000192175,19.9005
1999.4,1075.03,-188.493,-674.649,1098.29,0.000192172,19.8982
1999.46,-932.879,-566.634,209.917,951.095,0.000192173,19.8987
1999.4,-892.856,627.755,-116.839,939.338,0.000192172,19.8982
1999.38,-537.3,-950.072,-839.372,1178.49,0.000192172,19.898
1999.89,164.82,88.7372,244.127,3.69334,0.000192178,19.9027
1999.73,679.793,472.076,1082.83,1056.18,0.000192176,19.9013
1999.91,-42.1695,-256.747,489.448,0.470938,0.000192178,19.903
1999.91,-43.0523,-265.421,505.843,8.79633,0.000192178,19.903
1999.82,-53.132,-540.308,1023.42,592.718,0.000192177,19.9021
1999.89,-127.663,-110.182,-178.738,5.3651,0.000192178,19.9028
1999.67,-700.513,-801.399,-1133.22,1315.83,0.000192175,19.9007
1999.43,1055.73,-276.892,450.183,1010.31,0.000192173,19.8985
1999.31,-683.308,-851.111,998.723,1266.41,0.000192171,19.8973
1999.96,-40.4951,173.427,211.419,4.89739,0.000192179,19.9034
1999.79,-321.593,869.462,1104.47,1169.84,0.000192177,19.9018
1999.24,-55.7196,1090.03,-373.333,987.236,0.00019217,19.8966
1999.24,1057.14,-271.682,-394.439,993.135,0.00019217,19.8966
1998.6,616.822,900.46,-821.2,1169.15,0.000192163,19.8906
1999.56,-866.537,663.565,71.8878,936.017,0.000192174,19.8996
1999.91,-204.979,-5.60172,309.56,0.168265,0.000192178,19.903
1999.76,-692.514,-85.7635,1055.84,886.693,0.000192176,19.9015
1999.55,-942.036,551.155,74.209,936.136,0.000192174,19.8995
1999.44,-243.692,1063.88,453.522,1011.48,0.000192173,19.8985
1999.9,-155.709,169.415,-391.377,0.211546,0.000192178,19.9028
1999.89,-162.566,176.159,-407.735,9.51851,0.000192178,19.9028
1999.77,-445.012,412.807,-1035.05,736.671,0.000192176,19.9016
1999.92,146.587,-199.6,-440.443,5.40684,0.000192178,19.9031
1999.82,375.173,-440.349,-1030.68,677.941,0.000192177,19.9021
1999.13,754.103,789.057,-329.59,975.689,0.000192169,19.8956
1997.08,954.669,-529.061,-473.749,1018.24,0.000192145,19.8761
1999.55,-843.067,693.26,-199.458,949.467,0.000192174,19.8996
1999.24,-205.889,1071.91,-198.612,949.345,0.00019217,19.8967
1999.42,-752.918,790.179,593.536,1063.23,0.000192173,19.8983
1999.43,623.384,-895.92,393.897,992.979,0.000192173,19.8985
1999.25,-1008.86,416.508,410.024,997.77,0.000192171,19.8968
1999.05,852.598,-681.379,457.341,1012.7,0.000192168,19.8949
1999.44,-105.826,-1086.34,817.619,1167.22,0.000192173,19.8985
1999.31,-906.315,608.163,925.994,1225.27,0.000192171,19.8973
1999.41,-447.227,-995.579,-188.433,947.823,0.000192172,19.8982
1999.41,14.6112,-1091.35,717.749,1118,0.000192172,19.8983
1998.94,37.8381,-1090.78,-910.897,1216.89,0.000192167,19.8938
1999.32,1.67342,1091.47,587.466,1060.86,0.000192171,19.8973
1999.45,-241.559,1064.34,193.72,948.591,0.000192173,19.8987
1999.44,-1088.07,-85.4506,-718.715,1118.25,0.000192173,19.8985
1999.38,-67.4127,1089.39,215.207,951.991,0.000192172,19.8979
1999.49,-595.808,914.426,-260.112,960.162,0.000192173,19.899
1999.01,-573.329,-928.73,909.641,1216.21,0.000192168,19.8944
1999.89,65.0015,-208.091,342.297,5.63352,0.000192178,19.9028
1999.77,254.914,-615.74,1048.66,839.649,0.000192177,19.9017
1999.92,89.1398,200.379,342.289,8.04252,0.000192178,19.903
1999.81,216.465,635.172,1050.47,847.815,0.000192177,19.9021
1999.45,-680.819,853.096,-535.855,1040.58,0.000192173,19.8986
1999.39,117.103,-1085.14,414.983,999.287,0.000192172,19.8981
1999.43,303.432,-1048.38,-461.041,1013.94,0.000192173,19.8985
0.0617403,-1082.35,-37.6013,-977.906,2815.34,0.0308312,inf
1999.34,810.162,-731.359,235.92,955.576,0.000192172,19.8976
1999.38,-376.044,-1024.62,162.508,944.286,0.000192172,19.8979
1999.48,-275.015,1056.21,-243.456,956.952,0.000192173,19.8989
1996.32,-835.49,-702.321,-640.827,1083.25,0.000192137,19.869
1999.38,-1070.16,214.486,287.321,965.83,0.000192172,19.8979
1999.11,-1057.35,270.633,765.356,1140.89,0.000192169,19.8954
1998.97,1082.08,-142.415,-89.5825,937.139,0.000192167,19.894
1999.3,189.805,-1074.81,672.458,1097.19,0.000192171,19.8972
1999.35,-423.795,-1005.86,581.986,1058.52,0.000192172,19.8977
1999.36,-783.908,759.425,169.629,945.232,0.000192172,19.8978
1999.25,763.865,779.628,-921.381,1222.71,0.000192171,19.8967
1999.45,896.653,-622.397,462.804,1014.57,0.000192173,19.8986
1999.2,517.378,961.016,-240.853,956.487,0.00019217,19.8963
1999.47,-75.0991,-1088.86,162.878,944.345,0.000192173,19.8988
1999.51,562.707,935.263,203.519,950.124,0.000192174,19.8991
1999.38,1029.45,-362.719,128.913,940.443,0.000192172,19.8979
1999.92,-0.249675,172.05,195.068,3.19492,0.000192178,19.9031
1991,-129.626,970.358,1115.27,1225.38,0.000192075,19.8186
1999.29,-1066.56,231.94,633.548,1080.1,0.000192171,19.8971
1999.44,-745.86,796.811,-298.019,968.219,0.000192173,19.8986
