dNdx,percent_deltas,track_length
126.022,0,2.63447
171.754,0,0.949029
383.069,0,0.548204
211.366,0,0.515692
191.845,0,0.854856
167.48,0,1.20014
113.207,0,3.27718
127.398,0,3.06912
174.917,0,1.38923
216.067,0,0.879355
122.755,0,2.47647
127.536,0,2.83842
154.652,0.330033,1.95924
149.429,0,2.08126
118.247,0.411523,4.11003
159.521,0,1.85556
112.562,0,3.29596
230.889,0,0.463426
192.754,0,1.13617
466.787,0,0.254934
111.733,0,3.5889
160.93,0,0.658673
123.962,0,2.78311
1029.33,0,0.0971502
132.623,0,2.18666
172.454,0,1.08435
253.687,0,1.11555
117.025,0,3.62315
227.783,0,0.719983
196.009,0,1.1275
123.727,0,1.35783
119.862,0,2.72814
137.788,0,1.47328
113.251,0,3.38188
217.56,0,0.965251
152.257,0,1.91125
209.003,0,0.822956
202.905,0,0.9364
110.291,0,3.54517
143.57,0.383142,1.81793
190.218,0,0.799083
183.76,0.34965,1.55638
131.223,0,1.92039
105.896,0,2.0303
189.86,0,1.27989
135.353,0,2.52673
117.879,0,2.25655
112.465,0,3.16543
161.276,0,0.564251
163.335,0,1.22448
339.93,0,0.558939
184.912,0,1.10323
109.292,0,1.88486
134.166,0,2.14659
126.876,0,3.55466
148.253,0,1.18042
135.277,0,1.96633
178.805,0,0.9955
151.771,0,1.93054
219.029,0,1.0227
207.451,0,0.896595
132.316,0,1.82895
164.67,0,1.52426
466.925,0,0.569684
190.188,0,0.778176
126.409,0,4.01871
293.917,0,0.520555
284.219,0,0.369434
130.667,0,2.32653
208.758,0,0.80476
147.746,0,1.81392
130.578,0,2.28215
27347.3,0,0.00446114
161.442,0,1.49279
115.111,0,3.98747
112.084,0,3.28325
116.637,0,2.70069
422.823,0,0.409154
136.547,0,1.91142
131.244,0,1.30292
253.985,0,0.50003
187.808,0,0.644275
95.4956,0,4.31434
146.142,0,2.16912
394.66,0,0.15203
375.47,0,0.354223
118.535,0,2.76713
1185.49,0,0.0801356
121.432,0,3.45049
164.312,0,1.33891
159.021,0,1.67274
139.454,0,2.47394
117.208,0,3.1653
1090.22,0,0.108235
110.039,0,4.39844
572.277,0,0.351228
128.096,0,1.81895
147.871,0,1.88678
179.028,0,0.96633
544.516,0,0.202014
117.877,0,3.00313
138.372,0,0.896135
132.33,0,2.53911
273.308,0,0.589079
144.473,0,1.57123
114.111,0,3.11976
225.828,0,0.522522
248.884,0,0.470099
158.455,0,1.6156
104.747,0,3.58005
170.772,0,1.56349
174.961,0,1.71467
116.792,0,2.89403
139.526,0,2.02113
114.31,0,2.74692
220.008,0,0.38635
181.057,0,1.3863
196.184,0,1.18766
138.2,0,2.3372
118.225,0.23753,3.56101
115.183,0,2.77818
116.164,0,3.06463
130.965,0,3.05424
132.47,0.429185,1.75889
111.272,0,3.57683
312.581,0,0.873375
492.736,0,0.418074
921.621,0,0.151906
256.93,0,0.486514
99.6054,0,3.66446
591.785,0,0.280508
186.995,0,0.828898
2322.81,0,0.0512311
126.147,0,2.19585
247.203,0,0.614878
103.605,0.527704,3.65812
106.871,0,3.8832
206.631,0,0.73077
1450.74,0,0.063416
162.784,0,1.3822
147.764,0,1.87461
133.459,0,2.42022
207.376,0,1.1091
161.251,0,1.44495
173.848,0,1.01813
141.563,0.371747,1.90021
324.951,0,0.246191
178.946,0,0.659418
90.1018,0,2.13092
734.714,0,0.168773
108.54,0,3.4089
159.449,0,1.29822
127.654,0,3.29015
283.369,0,0.628157
185.517,0,0.700744
264.494,0,0.933858
111.238,0,2.98458
351.836,0,0.690663
147.207,0,1.61677
317.441,0,0.453628
195.133,0,1.42979
625.867,0,0.154985
194.207,0,0.60245
107.111,0,2.53942
122.252,0,3.55823
125.868,0,3.36861
140.268,0,1.88211
121.111,0,3.2532
214.799,0,0.535384
121.373,0,2.60355
159.782,0,1.53334
371.06,0,0.204819
165.052,0.420168,1.44197
126.325,0,2.58856
436.183,0,0.226969
114.904,0,2.97641
1696.53,0.60241,0.0978469
113.385,0,3.34258
131.055,0,1.24375
1217.6,0,0.0722732
122.119,0,3.13627
128.805,0,2.79492
121.078,0,3.1715
468.017,0,0.299135
110.21,0.26178,3.46611
19256.8,0,0.00997049
103.111,0,3.44288
141.83,0.436681,1.61461
295.093,0,0.467649
131.269,0,1.60739
227.836,0,0.877825
223.215,0,0.515197
109.475,0,2.68555
193.254,0,0.812403
690.854,0,0.193963
195.492,0,1.23279
110.92,0,2.72269
131.868,0,2.40393
106.235,0,3.73699
328.509,0,0.38964
134.672,0,2.49495
124.692,0,3.23196
113.672,0,3.43094
162.54,0,1.80263
209.372,0,0.716428
126.378,0,3.41832
112.709,0,3.57558
172.519,0,1.40854
238.202,0,0.35684
441.448,0.512821,0.441728
201.491,0,1.17623
192.042,0,0.994576
278.986,0,0.749142
1562.22,0,0.0806546
116.16,0,3.62432
115.778,0,3.3858
136.878,0,2.04562
147.198,0,2.04486
111.456,0,3.81317
131.777,0,2.73947
172.318,0,1.30572
162.901,0,1.42417
109.117,0,1.92454
134.71,0,1.30651
150.275,0,2.06288
180.099,0,1.30484
127.199,0,3.57707
137.302,0,0.837569
181.556,0,1.17319
1329.32,0,0.0985469
123.566,0,3.04292
183.097,0,1.34902
229.157,0,0.353469
115.021,0.238663,3.6428
109.46,0,4.00148
195.631,0,1.22169
181.6,0,1.17291
122.681,0,3.35831
315.865,0,0.690167
166.354,0,1.4367
302.297,0,0.615289
110.737,0,2.36598
154.407,0,2.59056
198.572,0,1.51583
79.7406,0,0.852765
131.98,0,2.84892
116.971,0,3.61629
111.193,0,3.63332
556.26,0,0.264265
97.2096,0,2.53061
179.43,0,1.04219
350.06,0.740741,0.385648
349.258,0,0.506788
135.807,0,2.29737
158.338,0,1.54101
148.386,0,1.66458
130.612,0,2.20501
6847.38,0,0.0113912
158.235,0,1.81376
78.7669,0,2.56453
584.852,0,0.201761
173.233,0,0.773523
201.279,0,0.700519
686.875,0,0.161601
138.882,0,1.71369
758.672,0,0.195078
939.327,0,0.15543
188.394,0,1.30577
137.153,0.260417,2.79979
107.16,0,3.49946
149.343,0,0.950834
112.303,0,2.87616
138.046,0,1.57193
34.2446,0,3.38739
589.562,0,0.25273
188.661,0,0.826881
141.359,0,2.51134
118.6,0,2.36087
144.721,0,1.14704
244.353,0,0.65479
134.913,0,2.39414
109.307,0,3.10136
143.551,0,1.53256
121.997,0,3.24599
135.177,0,2.16753
1270.31,0,0.0999755
135.522,0,1.42412
124.606,0,2.76873
17129.4,0,0.00753092
260.733,0,0.916645
189.462,0.348432,1.51482
322.873,0,0.452191
119.941,0.26178,3.18489
146.19,0.311526,2.19577
204.023,0,0.911664
102.839,0,2.14898
164.793,0,1.40783
128.208,0,2.64413
475.104,0,0.282044
444.445,0,0.18675
835.992,0,0.187801
207.746,0,1.19377
162.42,0,1.03436
327.145,0,0.317902
134.25,0,2.19739
136.725,0,0.906933
910.107,0,0.248322
161.16,0,1.27823
126.873,0.3367,2.34092
122.95,0,3.43228
181.344,0,0.794073
166.304,0,0.998174
315.062,0,0.818887
102.236,0,3.6484
449.092,0,0.16255
568.991,0,0.256595
75.9419,0,1.38264
184.737,0,0.525069
133.093,0,1.53276
125.656,0,1.90997
145.666,0,2.32724
1493.22,0,0.069648
168.374,0,0.433558
201.911,0,1.03016
131.56,0,1.87747
173.377,0,1.2343
529.193,0,0.253216
577.61,0,0.240647
109.972,0,3.38266
140.315,0,1.63205
116.948,0,3.53148
135.674,0,2.07852
134.569,0,1.51595
503.459,0,0.240338
1491.35,0,0.0898514
148.539,0,1.73018
110.729,0,3.34149
93.0144,0,3.46183
355.446,0,0.379804
150.01,0,2.01319
203.852,0,0.882995
118.884,0,3.36461
120.874,0,3.21822
2674.69,0,0.0471082
140.391,0,2.15113
182.63,0.952381,0.574934
117.987,0,2.82235
130.6,0.323625,2.366
141.906,0,1.58556
110.888,0,3.06616
357.616,0,0.371907
140.4,0,2.13675
113.434,0,2.39787
221.541,0,0.501036
153.332,0,1.98263
670.83,0,0.159504
135.431,0,1.68352
2264.91,0,0.0556313
525.893,0,0.117895
141.967,0,1.45808
131.48,0,1.35382
228.88,0,1.03548
144.26,0,1.20615
108.825,0,2.31565
119.229,0,3.35488
198.812,0,0.603587
126.794,0,1.87707
117.891,0,2.22239
148.005,0,1.7567
111.021,0,3.03547
230.403,0,0.885406
101.986,0,3.05926
115.838,0,2.92651
152.089,0,1.60433
168.918,0,0.870246
154.261,0,1.14741
101.096,0,2.9279
162.88,0,1.02529
155.921,0,1.69317
118.286,0,3.28865
120.241,0.220751,3.76744
117.96,0,3.26381
203.626,0,1.03621
161.886,0.390625,1.58136
107.22,0,3.78659
113.461,0,1.87729
98.8243,0,3.38986
153.949,0,2.16954
191.601,0,1.29436
105.483,0,3.42237
1434.84,0,0.0759668
123.185,0,2.47595
180.57,0,1.72232
160.62,0,1.59383
113.893,0,2.73941
379.406,0,0.303105
132.908,0,2.51301
130.72,0,2.44799
131.697,0,1.82995
940.695,0,0.0584674
468.566,0,0.268906
112.105,0,3.6216
149.926,0,1.66082
104.176,0,2.96612
169.461,0,1.0917
362.124,0,0.452884
136.648,0,2.21737
371.797,0,0.642823
189.512,0,0.564607
126.381,0,2.65863
157.348,0,1.13125
143.927,0,2.38315
121.447,0,2.74194
152.436,0,1.50227
119.109,0,3.36667
420.988,0,0.406187
520.421,0,0.263248
176.431,0,1.26962
192.714,0,1.00667
145.628,0,2.25918
172.58,0,1.23421
186.829,0,1.53617
166.034,0,1.37321
132.244,0,2.97933
35574.7,0,0.00404782
545.141,0,0.194445
401.807,0,0.348426
13.4484,0,2.23075
93.053,0,3.28845
158.33,0,1.64846
240.885,0,0.52307
160.192,0,1.22354
154.902,0,1.60747
138.89,0,2.19598
105.721,0,3.28223
101.052,0,3.56252
367.16,0,0.574682
126.845,0,2.98
172.153,0,1.88205
108.358,0,3.1193
106.49,0,4.52624
283.199,0,0.512008
122.448,0,2.73585
325.444,0,0.35029
152.776,0,1.02765
121.306,0.249377,3.30569
112.135,0,2.57726
162.772,0,0.608213
337.681,0,0.562661
117.12,0,3.22746
136.888,0.403226,1.8117
134.286,0,2.17447
136.723,0,1.75537
110.241,0,3.46512
795.413,0,0.192353
291.01,0,0.584173
130.98,0,1.93922
177.981,0,1.4833
105.226,0,2.75597
142.047,0,2.39357
120.268,0,3.22612
144.838,0,1.27038
129.075,0,2.94403
154.186,0,1.39442
117.059,0,3.53669
114.233,0,2.63496
5618.66,0,0.0174419
117.27,0,3.69232
427.787,0,0.406744
311.065,0,0.450067
122.025,0,2.91742
201.189,0,1.06865
134.857,0,2.12076
112.955,0,2.95693
142.007,0,1.90132
124.859,0,2.46679
438.481,0,0.26683
206.6,0,0.53727
156.745,0,1.53115
109.179,0,4.39646
457.012,0,0.321655
171.463,0,1.03812
149.862,0,1.60148
105.626,0,2.55619
312.413,0,0.432121
114.069,0,2.367
228.819,0,0.8085
110.78,0,2.69905
124.108,0,2.34473
940.017,0,0.132976
509.361,0,0.2297
4728.04,0,0.0245345
110.635,0,3.42567
578.844,0,0.245317
139.359,0,2.50432
699.11,0,0.237445
524.828,0,0.234363
121.394,0,2.67723
169.095,0,1.58491
165.31,0,1.63934
233.885,0,0.799538
144.189,0,2.41349
164.112,0,2.07785
116.354,0,2.69008
120.859,0,3.28483
160.876,0.440529,1.41102
132.494,0,2.29444
124.607,0,3.24219
399.967,0,0.500041
208.573,0,0.834241
138.373,0,1.06958
221.531,0,0.577798
193.652,0,1.32713
131.064,0.628931,1.21315
167.409,0,1.24844
207.079,0,0.719532
121.436,0,2.69278
149.378,0,1.98824
141.364,0,1.66945
113.346,0,3.27315
699.728,0,0.388722
306.198,0,0.41803
134.359,0,2.08397
111.006,0,3.74753
115.702,0,2.8176
254.613,0,0.439884
133.17,0,3.54435
120.405,0,3.25568
104.861,0,2.73696
97.8618,0,3.57647
204.064,0,0.960482
113.244,0,3.44391
152.782,0,1.62977
222.362,0,0.715051
322.677,0,0.464861
133.724,0,2.9015
145.461,0,2.04866
113.815,0,2.14382
170.862,0,1.67972
161.509,0,1.78318
109.504,0,3.88115
118.312,0,3.30481
120.936,0,3.16696
283.132,0,0.851194
125.384,0,2.57609
155.584,0,1.61328
345.741,0,0.503266
146.168,0,1.87455
129.079,0,2.22345
600.489,0,0.118237
1676.13,0,0.0900885
257.891,0,0.550621
146.023,0,1.76
300.89,0,0.564991
134.96,0,1.65975
646.038,0,0.182652
115.77,0,2.72955
1016.25,0,0.119065
154.932,0,1.0069
285.621,0,0.39563
803.641,0,0.141854
110.486,0.268097,3.37601
129.334,0,1.39174
97.9139,0,4.73886
182.492,0,1.24937
118.083,0,2.14256
92.9752,0,3.2912
141.094,0,2.71451
249.07,0,0.670494
112.925,0,3.3562
127.137,0.462963,1.69895
126.583,0,3.10468
102.485,0,3.2883
123.6,0,3.09061
141.265,1.08696,0.651257
130.772,0,2.51583
252.218,0,0.761246
122.75,0,3.07944
504.795,0,0.186214
917.913,0,0.0806177
128.415,0,2.65546
215.083,0,0.822937
185.72,0,0.942279
127.351,0,1.80603
158.826,0,1.47331
234.268,0,1.01166
118.858,0,1.93509
113.536,0,2.3781
137.742,0.27933,2.59907
139.806,0,2.77527
78.2543,0,0.345029
107.929,0,2.71475
109.111,0,4.04177
518.754,0,0.248673
837.338,0,0.118232
105.279,0,2.99206
150.324,0,1.25728
104.186,0,3.04262
133.314,0,1.21518
4.04202,0,2.22661
113.652,0,3.5107
220.673,0,0.607232
133.086,0,0.638684
358.912,0,0.554453
112.225,0,2.86924
144.202,0,0.846034
115.296,0,2.3071
237.638,0,0.345063
247.304,0,0.711674
107.824,0,2.9307
789.181,0,0.138118
132.505,0,2.23388
215.81,0,0.894307
136.82,0,2.58004
98.5907,0,3.3776
108.948,0,3.15747
137.278,0,1.71914
163.666,0,1.46029
157.628,0,1.56698
113.853,0,2.9863
117.263,0,1.64587
185.056,0,1.41579
140.957,0,1.29827
166.974,0,1.28164
143.481,0,1.95147
699.609,0,0.144366
148.717,0,1.95674
150.907,0,1.47773
139.5,0,1.62724
150.623,0,1.60002
121.11,0,2.58442
609.632,0,0.159112
188.274,0,0.791401
105.223,0,3.15521
198.777,0,0.9156
218.432,0,0.933928
168.701,0,1.04919
116.443,0,2.44755
177.579,0,0.737699
141.994,0,1.96487
116.558,0,2.51378
1232.86,0,0.0494785
847.526,0,0.176986
134.612,0,3.0458
89.5569,0,2.06572
172.343,0,1.11986
91.8638,0,2.40573
98.9005,0,3.44791
114.25,0,2.74836
118.904,0.595238,1.4129
104.662,0,3.79316
116.776,0,2.67177
129.006,0,1.93014
199.858,0,0.990701
198.809,0,0.764555
112.994,0,3.53115
182.776,0,1.57023
257.069,0,0.657411
573.407,0,0.442967
159.173,0,1.41356
125.982,0,2.13523
301.213,0,0.737019
134.766,0,2.72324
115.636,0,2.79324
155.943,0,1.00037
178.302,0,0.544019
296.596,0,0.495623
130.436,0,2.28464
134.927,0,2.43836
261.235,0,0.6431
111.891,0,2.94037
113.102,0,2.84698
776.364,0,0.0953161
139.892,0,1.38678
113.836,0,1.87989
1211.48,0,0.228645
116.712,0,3.59004
279.862,0,0.560991
164.836,0,1.01313
118.512,0,2.47231
134.869,0,1.61638
116.394,0,1.46914
119.662,0,2.25635
353.17,0,0.47286
181.672,0,1.33757
505.96,0,0.252985
113.739,0,2.83104
110.06,0,3.30728
129.711,0,2.64433
146.774,0,1.3422
132.68,0,2.72084
122.366,0,3.179
671.093,0,0.14305
152.752,0.28169,2.32403
185.173,0,1.11787
117.335,0,1.71305
119.383,0,2.86473
143.416,0,1.10866
210.363,0,0.99352
112.112,0,4.33494
179.591,0,0.701595
150.553,0,1.87974
173.096,0,1.13809
137.677,0,1.45267
158.212,0,1.44742
210.423,0,0.969476
124.655,0,3.32918
229.944,0,0.704519
119.993,0,1.66676
189.222,0,1.3212
231.323,0,0.51011
102.65,0,4.06233
118.455,0,1.84037
137.772,0,1.8654
118.748,0,3.48637
177.89,0,0.635225
136.682,0,2.34119
657.329,0,0.209941
215.055,0,1.08344
132.715,0,2.10226
111.678,0,3.73394
115.763,0,3.56762
212.949,0,1.5168
144.417,0.301205,2.2989
116.839,0.224719,3.80864
279.212,0,0.608857
9907.7,0,0.0121118
123.349,0,3.08069
238.865,0,0.657276
137.056,0,1.61248
111.203,0,3.3992
882.046,0,0.143983
108.01,0,2.29609
118.679,0,3.20192
123.883,0,3.7051
222.713,0,0.462478
160.513,0,2.1992
115.211,0,3.4719
127.391,0,2.72389
148.793,0,1.94902
135.293,0,1.98089
114.082,0,3.62021
115.872,0,3.89224
266.243,0,0.495788
133.319,0,1.14763
339.192,0,0.51888
182.183,0,1.2954
122.517,0,2.44048
142.756,0,1.93337
1449.97,0,0.116554
257.787,0,0.865054
172.326,0,1.1664
128.105,0,2.70091
123.674,0,1.23713
115.96,0,3.3201
144.66,0,1.86644
133.181,0,2.67306
193.099,0,1.14967
158.302,0,1.22551
117.078,0,2.92113
130.883,0,2.79638
503.686,0,0.238244
165.389,0,1.55996
142.745,0,1.12088
143.647,0,2.08149
298.161,0,0.499731
122.68,0,2.78773
137.475,0,2.42225
177.236,0,1.22435
168.792,0,1.79511
196.524,0,1.50109
210.119,0,0.847141
145.928,0,2.17915
244.912,0,0.734957
144.235,0,2.43352
119.243,0,3.32934
131.801,0,1.26706
263.043,0,0.539835
144.287,0,1.54553
253.556,0,0.607362
400.875,0,0.254443
151.226,0,2.44667
175.966,0,1.10817
198.123,0,1.01957
176.895,0,0.633145
256.76,0,0.958092
288.314,0,0.527204
244.557,0,0.862784
169.018,0,1.08864
114.914,0,2.80209
660.649,0,0.190722
205.344,0,1.02755
280.492,0,0.467037
230.174,0,1.05573
116.051,0,3.45538
96.2755,0,0.508956
118.785,0,3.23273
193.723,0,1.0324
164.3,0,1.72854
108.335,0,2.78766
85.0626,0,3.16238
144.405,0,1.94592
154.215,0,0.680869
125.227,0,2.22795
208.988,0,0.91393
187.071,0,1.34708
120.974,0,3.3561
152.331,0,0.768063
532.608,0,0.108898
137.653,0,1.86701
149.981,0,1.38685
1120,0,0.126785
135.911,0,2.25884
109.287,0,3.9712
535.111,0.531915,0.351329
179.606,0,1.66475
132.045,0,1.93873
113.549,0,3.54034
150.094,0,1.73225
127.735,0,2.88097
221.949,0,0.558686
197.903,0,1.03586
414.028,0,0.388863
165.404,0,1.11243
97.933,0,3.44113
257.907,0,0.725068
147.742,0,1.46201
247.243,0,1.4237
133.139,0,1.95284
114.281,0,2.99264
166.03,0,1.24676
145.668,0,2.1144
107.46,0,1.83325
197.849,0,0.793536
132.764,0,1.9207
439.139,0.900901,0.252767
147.562,0,0.969081
107.207,0,3.72177
378.792,0,0.308876
237.759,0,0.48789
181.874,0,0.571825
125.997,0.333333,2.381
231.896,0,0.638217
122.443,0,2.98098
1264.81,0,0.0806444
132.714,0,1.69537
193.528,0,1.01277
244.96,0,0.551111
142.479,0.288184,2.43545
114.654,0,2.39852
187.058,0,1.03711
156.838,0,1.7534
149.431,0,1.86708
511.837,0,0.259848
365.883,0,0.576686
124.427,0,3.0781
113.276,0,3.16041
410.55,0,0.280112
178.178,0,0.881143
110.618,0,3.67932
521.055,0,0.255251
569.343,0,0.338987
229.839,0,1.19649
529.151,0,0.137957
276.297,0,0.372787
151.981,0,1.36859
155.061,0,1.19953
317.21,0,0.201759
128.472,0.324675,2.39742
188.334,0,1.23186
164.88,0,2.00145
142.168,0,1.9273
331.328,0,0.573449
175.6,0.469484,1.21298
135.737,0,2.59325
2579.37,0,0.0585415
802.867,0,0.0685045
148.519,0,1.92568
138.81,0,2.32692
686.112,0,0.227368
126.421,0,1.55037
653.093,0,0.327672
126.116,0,3.43334
126.313,0,2.47796
1110.51,0,0.140476
197.81,0,0.925132
427.095,0,0.337162
136.684,0,1.47786
245.076,0,0.942566
858.618,0,0.0652211
157.414,0,1.94392
232.429,0,0.95513
162.747,0,1.47468
309.433,0,0.349025
183.242,0,1.44072
119.025,0,2.36924
190.008,0,1.2789
123.427,0,2.98151
185.769,0,1.08199
178.018,0,1.07855
119.185,0,3.33933
634.166,0,0.119842
190.616,0.884956,0.592816
101.295,0,2.84318
113.862,0,4.07511
126.903,0,3.37266
117.976,0,3.31423
340.43,0,0.898863
103.924,0,3.93558
115.926,0.27933,3.08818
183.507,0,0.882802
109.684,0,2.80807
125.689,0,3.16655
119.511,0,2.76126
113.102,0,3.25369
98.0378,0,3.10084
141.107,0,2.27486
109.167,0,3.19695
126.59,0,2.68584
96.4984,0,4.1037
151.99,0,1.57905
116.829,0,2.76472
77.641,0,0.450793
171.414,0,0.910075
176.559,0,0.804265
515.063,0,0.149496
317.039,0,0.716
155.159,0,1.37923
208.587,0,1.13621
152.011,0,1.59199
119.479,0,3.29766
98.2053,0,4.31749
11111.6,0,0.00818967
159.428,0,1.5932
187.342,0,1.32912
150.904,0,1.04039
109.697,0,3.17238
134.3,0,1.92108
158.553,0,1.71551
147.407,0,1.74347
102.622,0,3.34236
174.556,0,0.847866
126.249,0,3.33467
211.32,0,0.993754
111.553,0,2.78791
104.464,0,3.08241
153.99,0,1.83129
178.303,0,1.1946
114.243,0,2.62598
174.856,0,1.27533
228.372,0,0.792565
637.655,0,0.0846853
144.26,0,2.07264
119.837,0,1.719
193.935,0,0.82502
181.732,0,1.02349
277.022,0,0.577572
141.497,0,1.8799
199.072,0,1.30104
200.986,0,1.13938
220.886,0,1.00052
174.338,0,1.39958
149.657,0,1.81749
973.951,0,0.125263
137.016,0,0.912305
162.285,0,1.92254
101.244,0,3.8817
119.676,0.259067,3.22537
3061.61,0,0.0372353
98.5725,0,3.58112
117.844,0,2.79183
143.135,0,1.86537
121.865,0,3.08538
178.181,0,1.22347
225.775,0,0.571364
159.976,0,0.887636
119.683,0,2.80741
107.805,0,2.83846
509.918,0,0.252982
306.798,0,0.466104
105.828,0,2.26783
175.196,0.571429,0.998882
159.024,0,0.723159
126.914,0,2.26925
155.501,0,1.34404
141.335,0,1.59196
225.375,0,0.745425
143.657,0,2.0883
686.111,0,0.220081
133.394,0,2.204
126.513,0,2.69538
175.467,0,0.609802
279.343,0,0.501176
114.827,0,2.95228
174.012,0,1.55736
164.62,0,1.33033
975.49,0,0.103538
260.889,0,0.482963
141.322,0,1.6841
110.295,0,4.11625
