-1.000000,2700.105656,2611.477495,2466.136521,2278.652438,1978.083922,2073.901181,1950.167255,1845.668357,1747.740471,1652.597839,1552.319369,1473.487784,1378.695614,1363.775552,1289.061213,1224.122865,1181.199192,1165.735759,1529.204946,1536.490261,1577.127782,1616.118347,1614.150050,1696.118420,1755.042869,1793.910071,1869.080921,1925.151332,2045.653883,2123.667184,2194.868539,2325.780795,2418.765799,2522.056482,2604.206549
-1.000000,2506.651870,2401.958083,2286.245731,2134.725690,1921.742908,1892.178466,1768.129385,1650.473292,1586.714975,1501.256036,1414.730802,1357.857522,1293.928643,1233.365735,1186.563189,1143.950788,1118.790041,1151.255611,1246.786942,1313.778309,1355.438007,1408.753464,1450.428696,1499.651429,1542.932864,1637.286488,1704.029862,1743.332542,1844.591400,1946.265935,2050.249372,2160.799102,2240.501855,2346.121502,2525.634068
-1.000000,2365.980534,2258.655566,2123.831466,1989.021117,1877.975252,1756.757554,1639.528053,1547.203772,1449.168712,1339.164159,1296.996059,1226.851521,1154.149115,1121.247158,1077.336795,1049.769091,1027.727843,1045.218459,1061.218788,1147.124324,1188.668740,1243.856740,1291.798732,1329.797026,1392.997397,1442.618197,1524.230775,1619.282698,1703.190906,1795.259310,1885.002646,2009.028910,2104.263212,2244.627981,2401.697420
-1.000000,2261.569094,2123.715020,1993.288025,1844.801359,1719.157284,1616.155857,1498.146387,1417.569476,1321.898945,1248.949097,1156.946841,1115.299888,1059.159769,1003.559704,941.173285,956.540206,944.707185,954.252111,957.194059,989.495372,1022.470606,1086.748762,1138.470554,1197.684033,1238.795322,1316.241551,1359.846418,1477.763541,1567.957517,1642.355772,1767.306122,1867.185977,1995.879647,2136.136701,2266.051192
-1.000000,2152.151206,2000.551865,1852.386174,1731.009392,1614.165282,1459.655952,1385.937917,1303.093011,1194.451402,1128.995608,1068.365965,999.942491,919.549395,903.921787,881.267878,860.872137,843.385825,856.908822,862.058031,897.203855,921.456665,948.207869,1012.176276,1047.384194,1123.709928,1190.664241,1241.527601,1302.929638,1425.589531,1527.282663,1629.276417,1734.808380,1844.116366,2000.201936,2152.110388
-1.000000,2027.582876,1899.048354,1759.063388,1623.126256,1484.837733,1386.820962,1260.836123,1190.067994,1101.058206,1029.450038,953.929303,892.324497,856.873739,802.572103,762.841803,756.686214,717.702901,754.500030,741.014447,786.427954,806.907696,850.795126,862.576035,940.434699,941.786543,1065.030445,1124.858821,1184.135101,1312.245506,1395.935946,1509.596245,1614.174587,1743.336949,1875.530471,2014.186241
-1.000000,1952.093035,1799.901979,1638.382919,1507.642542,1395.532029,1269.803337,1186.954495,1088.093690,1009.479769,935.355025,869.156341,813.523895,766.138878,728.353439,682.672945,676.777483,657.021938,665.566224,667.658604,690.901037,689.332068,744.999409,786.159236,841.077030,880.836101,953.125666,1024.111257,1101.797299,1196.773967,1291.855731,1400.519407,1491.830446,1624.016127,1759.577494,1886.207238
-1.000000,1853.021985,1685.971998,1557.365495,1424.275122,1300.125035,1186.908881,1075.976463,999.761065,916.400306,834.620919,766.131196,724.188589,659.907088,636.736533,612.454932,587.356848,581.235775,574.311456,577.638612,596.467316,597.038829,652.677075,675.123868,743.311236,796.883411,843.575812,924.995240,1003.192939,1099.995252,1193.004173,1296.007329,1396.686041,1523.063009,1657.576337,1805.261176
-1.000000,1779.021994,1615.904395,1461.977165,1337.390418,1215.520775,1105.432345,1004.791655,906.164871,822.996205,752.666983,696.294678,631.960490,591.826963,553.100259,528.196281,503.467634,484.052668,486.310405,476.436710,512.993032,537.941603,569.707642,584.279045,655.776462,703.963195,771.156935,841.785986,918.952686,986.729304,1098.535861,1197.075821,1297.263373,1412.673129,1554.459179,1700.771597
-1.000000,1693.740086,1537.341261,1376.664470,1252.786255,1121.798456,1016.582167,922.870114,824.754639,754.211787,682.536606,618.268138,547.718333,520.395155,473.643530,-1.000000,413.673332,404.884450,412.832007,420.560644,435.104391,453.674235,481.962071,528.716025,571.303825,582.591561,693.864716,747.661545,832.503512,923.697422,1013.665471,1116.219499,1207.940036,1327.774955,1463.675140,1599.451614
-1.000000,1627.560506,1452.075595,1313.340447,1181.872165,1061.961570,952.055576,830.381922,742.147006,682.422017,613.829310,549.592223,461.554843,436.988692,412.486065,376.437788,361.428489,348.678202,336.069535,337.376852,364.560522,386.992838,416.916541,455.168032,504.821898,559.769610,622.123148,692.003794,759.921435,852.177672,938.584601,1038.717061,1145.163780,1260.008978,1383.047097,1519.968504
-1.000000,1561.228552,1396.661553,1230.769400,1105.715725,996.767922,889.680799,790.284273,690.003214,623.371921,551.970780,486.689332,427.282044,379.642599,336.091055,314.077151,292.971499,277.778987,274.015203,283.075191,281.988846,309.804841,352.228559,393.902027,413.129675,487.189079,557.620682,627.035938,704.958017,788.187448,876.973313,969.878104,1053.119044,1189.108400,1301.604468,1432.748769
-1.000000,1502.330129,1333.505043,1188.197214,1049.342424,937.230841,833.876164,731.594873,646.945076,568.167987,491.648809,429.023322,364.966536,327.424148,289.839392,255.439513,235.849667,225.625326,206.478487,223.451992,241.557542,265.177049,283.396868,328.160157,376.441101,436.166852,499.042742,572.699807,648.593028,732.948058,822.793010,914.027021,1018.241314,1122.117550,1238.706460,1364.809566
-1.000000,1449.316589,1259.773083,1136.111290,999.995421,881.339118,781.990502,684.290519,598.612299,519.130968,446.510200,373.053607,318.682582,279.218556,239.696972,209.980322,185.611176,172.760941,165.391399,174.124442,188.274478,213.075510,243.493355,289.468162,323.749625,393.879225,458.311787,525.350742,601.811541,686.060529,765.081541,867.739248,960.768544,1064.301938,1179.607612,1305.629712
-1.000000,1400.771153,1222.646132,1084.111846,954.599178,837.750052,734.104542,648.149928,554.588211,479.498161,407.580766,345.624412,287.530771,241.429572,198.418315,154.108047,137.326463,121.889322,117.081016,128.969233,143.970511,171.275900,190.442855,245.589526,296.719180,350.082549,419.170694,485.655738,565.626341,646.174071,730.141809,828.546825,925.671375,1026.679815,1131.500791,1245.909126
-1.000000,1342.906713,1180.301192,1043.273034,921.096136,806.133758,704.766227,613.336842,521.641505,450.714644,377.911936,314.670239,256.600847,207.076343,164.216033,130.990822,104.290603,83.459517,77.268400,89.249545,103.347759,132.080100,165.701528,213.904372,266.654865,326.205641,387.440833,460.357623,536.446181,618.289525,706.200585,799.522711,893.425269,989.864606,1088.911470,1182.544242
-1.000000,1303.378433,1128.255720,1003.537267,884.150585,781.208426,682.688697,590.328178,506.641348,427.849008,353.313875,289.281559,231.757147,180.874376,139.736263,100.995143,72.540248,52.325078,49.736633,58.548028,78.789297,108.128900,147.831456,190.935560,242.133464,304.367512,368.760597,439.709001,517.522801,601.047533,688.956721,777.308820,873.282347,965.137068,1055.517994,1154.036984
-1.000000,1226.964788,1076.104865,970.029885,861.171043,759.939112,665.369129,574.111366,492.857838,415.456584,344.187492,278.801303,221.161838,169.255512,124.364353,85.797534,53.784097,29.255815,14.343611,32.813785,60.010415,92.653389,132.918637,179.123964,232.062870,291.116862,357.136106,429.274975,506.524400,590.366820,678.467187,770.592955,865.117553,959.061771,1047.904752,1125.439707
-1.000000,1132.081995,1032.578649,944.543452,848.299163,751.166177,658.552487,569.960531,487.119688,410.114149,339.182260,274.563221,216.361699,164.523028,119.030724,79.777608,46.583185,20.541857,-1.000000,24.386361,53.492746,87.705684,128.294844,175.667485,228.328814,288.260320,354.025647,426.439875,504.634126,589.150480,678.472734,773.299446,869.557400,969.074691,1067.992718,1199.701882
-1.000000,1110.558282,1029.621597,939.193851,845.023126,750.967087,660.555022,572.663587,495.119162,413.603530,344.320016,278.689338,222.384035,169.288905,124.724129,88.021066,54.212519,31.704611,-1.000000,39.753581,61.731734,94.648935,138.960738,181.232948,234.720716,295.148543,361.781012,431.674816,510.874189,596.075680,686.833034,785.147473,887.279875,995.859308,1120.055998,1281.618024
-1.000000,1144.415650,1042.106855,872.568444,854.183942,761.790620,670.951081,587.141153,504.283915,427.176125,360.477789,293.328314,236.086658,184.171815,142.150246,104.265952,86.622894,58.783224,-1.000000,60.149524,82.156836,111.380867,149.629854,197.006943,248.935320,313.222962,373.027412,447.382946,526.312056,614.585965,705.081188,804.734030,918.108129,1034.549620,1173.343243,1366.749507
-1.000000,1199.745089,1076.330549,970.534266,880.953944,782.585773,689.566572,608.190000,525.757752,446.142345,382.520895,313.357860,274.233101,207.770446,166.352160,137.525203,118.740680,90.411296,-1.000000,92.248271,110.505743,139.984289,180.372562,220.528451,299.258995,331.070714,397.859030,472.769531,548.233760,640.973754,732.706570,836.827782,946.925602,1074.268334,1233.526609,1408.867849
-1.000000,1246.070354,1110.186406,1005.142467,905.939398,810.370739,721.422710,633.495966,550.641969,479.303709,408.839835,345.475411,290.527682,240.426047,199.741078,169.400709,146.351636,129.196706,-1.000000,142.418717,147.462062,186.087878,212.471449,254.578388,302.646388,365.290215,436.097777,509.002062,579.971013,673.449775,766.056212,883.566553,988.436464,1121.102861,1278.723792,1441.679190
1307.271173,1279.875685,1160.057332,1076.688876,959.994501,851.014344,756.759377,669.747297,594.315925,513.470585,450.690677,399.426082,343.567600,282.078702,241.722328,223.906554,201.465704,181.981878,-1.000000,176.266630,192.238104,225.838689,257.674995,294.222389,342.323793,401.873055,467.066946,538.200866,619.831903,709.954821,813.123166,915.229793,1034.642799,1172.857748,1321.171505,1490.093750
-1.000000,1342.219261,1220.382813,1104.760510,997.399294,906.181191,806.248164,716.463591,636.549207,560.011894,501.911596,430.176458,393.312690,329.893390,293.430104,264.381287,239.409520,253.914920,-1.000000,233.934426,244.731359,268.759055,306.346371,342.374351,396.487565,456.636050,533.648615,587.084721,671.594773,767.096087,861.513815,969.149980,1088.193569,1221.422208,1380.161827,1542.009808
-1.000000,1415.418203,1290.764185,1168.175129,1061.239918,955.361366,869.495410,774.132865,693.675891,616.883199,549.934459,488.108124,432.689039,385.547892,350.093394,318.668952,312.827136,285.106770,-1.000000,288.688887,324.266136,332.103932,358.688447,400.010469,451.387689,508.705316,574.281135,654.044562,732.375365,821.576203,918.878669,1033.479171,1156.842824,1291.353192,1438.976951,1612.357858
-1.000000,1498.167886,1364.487542,1240.923040,1132.886657,1032.134112,924.310548,840.668737,755.335883,677.909136,609.109180,552.301018,511.382372,474.102637,418.647843,384.071342,368.464853,355.895888,-1.000000,356.139069,371.393706,404.300924,421.016011,467.234944,511.433788,574.773625,655.202928,706.266844,805.113895,883.802505,982.162883,1094.937161,1214.470122,1357.702038,1499.889145,1686.277720
-1.000000,1577.373056,1445.201177,1321.294491,1212.075362,1113.623367,1022.263373,924.124437,834.265226,770.960518,694.152056,620.880028,581.335401,522.210816,487.854272,457.745036,435.401426,423.321031,-1.000000,428.516028,453.021913,466.558102,495.782134,537.196667,578.767198,634.328527,707.907937,786.816741,863.954708,952.500414,1055.387325,1286.195375,1291.276720,1431.183432,1576.351375,1752.779492
-1.000000,1685.637111,1535.307091,1418.700508,1303.908199,1180.920205,1084.522967,994.526120,914.123822,832.947083,764.880054,703.456333,652.937948,656.498727,567.022639,542.129582,517.026204,503.476900,-1.000000,533.065322,525.288602,538.433538,583.629617,606.405589,659.518720,719.620100,784.722803,851.100963,941.990425,1028.221466,1132.709387,1244.084552,1369.441457,1504.566406,1657.649570,1834.050095
-1.000000,1787.292148,1635.233906,1506.912821,1386.036211,1302.369819,1176.261938,1090.739789,997.130761,926.790058,875.914805,800.089809,789.793807,692.083223,662.624936,631.386745,602.188563,585.987261,-1.000000,583.227914,622.098354,619.006281,650.378936,691.861321,755.262464,801.489388,861.494110,940.772678,1035.954553,1134.996684,1217.446331,1332.836754,1478.504764,1598.341023,1744.658422,1913.002489
-1.000000,1898.724154,1746.886839,1625.872401,1494.778761,1404.108046,1287.237012,1196.543820,1116.044990,1023.274658,963.142307,890.765111,833.318058,801.678751,752.506571,714.847636,690.919726,677.928407,-1.000000,687.785583,688.878999,705.553652,736.551587,787.170533,830.663597,886.555874,952.991051,1040.420993,1113.524331,1211.573404,1319.884512,1432.953293,1564.176065,1694.457461,1836.725046,1998.810564
-1.000000,2004.355205,1866.232023,1727.905771,1607.458806,1523.641343,1399.966460,1308.784721,1243.947787,1137.294897,1097.016713,1022.808562,976.461704,931.738131,881.001528,815.725625,793.026128,774.860515,-1.000000,775.231127,782.872000,817.678905,840.973358,883.796497,936.636045,984.265454,1054.822406,1128.557702,1228.912723,1326.497095,1430.491910,1534.338067,1667.364500,1797.067938,2026.230969,2101.456723
-1.000000,2148.253233,1981.619147,1861.381954,1745.975723,1620.057084,1520.999838,1443.702710,1331.857988,1274.131651,1192.679268,1132.201984,1075.879548,1012.184319,964.368358,932.655885,912.656741,875.928949,-1.000000,866.054778,898.330580,897.660720,949.370805,983.149835,1037.803452,1087.443116,1166.349375,1244.377499,1340.656403,1434.541287,1533.715224,1651.634725,1771.512350,1907.420481,2048.692368,2195.163406
-1.000000,2259.896602,2106.600178,1979.415792,1864.810686,1771.747442,1650.914688,1588.075190,1469.449153,1418.775445,1319.728676,1252.247047,1192.564804,1147.406096,1117.249310,1056.963402,1017.730883,1003.492722,-1.000000,996.795593,975.915741,990.832503,1028.620266,1077.422172,1133.463500,1259.036486,1274.437373,1354.642632,1461.706700,1545.950558,1656.503792,1805.160620,1918.948259,2037.756025,2169.188687,2309.314986
-1.000000,2416.477520,2240.623004,2117.033879,1998.017561,1888.083538,1794.259278,1722.137443,1633.021763,1543.561909,1491.483163,1409.159645,1352.766627,1316.666721,1240.459155,1213.892908,1152.529688,1092.590359,-1.000000,1047.342675,1068.385783,1094.395093,1140.932220,1188.239200,1264.886306,1373.203566,1427.379097,1502.221921,1574.666358,1682.915076,1821.879483,1916.700435,2075.817193,2193.061963,2318.550249,2415.049835
-1.000000,2512.347538,2370.125125,2255.621176,2182.350224,2064.528769,1999.869294,1873.429143,1792.636159,1764.136667,1635.525556,1657.092159,1506.150722,1486.546754,1432.628952,1376.859576,1315.214170,1263.932391,-1.000000,1123.112482,1164.816908,1238.679464,1250.830172,1316.758899,1389.870811,1453.663470,1535.631752,1633.914087,1723.381779,1830.207325,1942.397024,2082.091907,2193.420634,2319.792301,2445.228912,2566.591229
